gets,rssi,address
0,-88,80324D1A-7A05-DCA2-D675-DF7AE48F80D0
0,-69,B43A23A2-9E71-C6E8-E077-47C1867CA41C
0,-42,7D1D648C-8CED-928B-3483-B164419E75B2
0,-81,6439E5F8-45A3-2BF9-A90F-2F5412EAD07E
0,-61,CB334F59-F065-7DAB-9C2B-5A3669B0BD26
0,-67,BBE44E4E-3BEA-1528-EFA4-7A324456043A
0,-97,E4449501-7A76-AA58-CC11-0D5292F8E06A
0,-85,83AB0194-3262-9E1D-6868-780B68180A1F
0,-69,98BD1E1D-667F-6465-F2C0-AD62408ADEE8
0,-46,CEEB922A-7DDE-46D0-CDC8-E7CDA8BD08A2
0,-70,6A24D35D-35ED-06B5-B39A-EAD4365222EA
0,-99,B779BA50-0B02-B6EB-F369-2E330AFC31F5
0,-90,1A6F6B1A-5B42-9260-9384-259F81E6E89C
0,-85,9A5F8A1B-3BD7-0A1B-99CE-D4B805F0FA27
0,-78,25EEE710-D922-C8EB-84FC-60C776058272
0,-72,13611532-E963-EE25-A8B6-448A5F64C501
0,-69,10E79AFE-4E98-6854-65EF-3E2C2D93DC46
0,-75,B29B9BDF-31B4-EFB5-9341-4823593885EA
0,-50,7ACF5DA2-65CB-4119-12AB-22CBA8C09B29
0,-79,99FC17B2-BBDE-A56A-E241-2F789956D915
0,-81,5CF555D6-48CA-4ADC-9211-635182D7E387
0,-91,67FFA22E-F2BD-3665-AD1C-2ABCEC892E3B
0,-75,497D108A-8000-60BF-9EC6-D425A99F01B2
0,-93,40234201-0248-FAD4-2893-17374C36AD8B
0,-84,1667049A-7372-C30D-89B2-B1ECA12DB046
0,-60,51808EF8-2162-420F-731F-0817F82681B1
0,-69,0927D63B-9C1F-550F-2837-833C800C0015
0,-83,E454F94D-9C6E-ECA1-85D2-014317A7A8E9
0,-61,E1BEC981-F150-F7B4-9462-855BE34E0B7F
0,-90,C43A9D69-523A-95DA-C4D0-C87F69B323E1
0,-71,32F31CC5-70F7-2C9C-C688-6996A985B386
0,-80,ACE72ECA-09A9-EAC6-1AF2-2E76BF660E4E
0,-92,04BAB474-320A-44CF-2E48-F6A57219ED08
0,-90,249C181E-96E7-D024-AD18-CEC7BE3C93E9
0,-94,A24CC2A3-FC82-437A-DA70-A30AFA2E6483
0,-71,3E0588ED-B074-0E75-CF27-8FD8719BC258
0,-70,8A50F6B1-3DB1-A85A-6ED9-343168E5E515
0,-84,11568810-14EB-73E2-57A7-8E4F671044D2
0,-75,8792153E-FDDA-84CC-BD7D-C8C6193F29A0
0,-72,C1585FD6-BAD0-9CC9-A0DD-D6A5137C7C97
0,-75,D59D2354-372E-EC13-7BDA-49D8735505CC
0,-65,2E69403D-0597-EAD1-3A45-239969C651B6
0,-42,DCB25614-9ADE-B1F7-5069-BE3843A94AC7
0,-65,8A60BD70-3625-C7FC-E1BD-921F21A9665A
0,-78,F0571E8D-A7BA-A618-7C1F-9B5DE0708944
0,-87,2EAED031-3590-344B-C4A8-89837A4F7FD1
0,-93,28:ac:9e:3e:b1:8e
0,-89,b0:c7:45:c9:0d:d5
0,-88,10:27:f5:e3:50:97
0,-87,c4:36:c0:e3:cc:3f
0,-87,c4:36:c0:e3:cc:3e
0,-87,c4:36:c0:e3:cc:38
0,-87,b0:26:80:d1:d8:ae
0,-87,84:af:ec:a7:f2:b4
0,-86,b0:26:80:d1:d8:af
0,-85,84:af:ec:86:f0:70
0,-77,80:ea:96:f2:cc:77
0,-76,c0:06:c3:c0:b9:d3
0,-74,b0:c7:45:c9:0d:d0
0,-73,ac:44:f2:8c:e9:20
0,-72,b0:26:80:d1:cf:01
0,-72,b0:26:80:d1:cf:00
0,-71,84:af:ec:86:f0:60
0,-66,80:ea:96:f2:cc:76
0,-64,c0:06:c3:c0:b9:d2
0,-59,e8:4f:25:d6:0e:45
0,-58,60:84:bd:de:7c:60
0,-47,c0:25:a2:a7:2e:2a
0,-58,60:84:bd:de:7c:67
0,-57,ac:44:f2:8c:b0:e0
0,-56,ac:44:f2:8c:e8:a8
0,-54,b0:26:80:d1:cf:0e
0,-53,b0:26:80:d1:cf:0f
0,-51,28:ac:9e:3e:b9:ae
0,-51,28:ac:9e:3e:b9:af
0,-44,c0:25:a2:a7:2e:2b
0,-44,c0:25:a2:a9:b1:4f
1,-49,7ACF5DA2-65CB-4119-12AB-22CBA8C09B29
1,-56,51808EF8-2162-420F-731F-0817F82681B1
1,-57,91592F85-8583-F7D2-B20C-CF8314BB5E59
1,-56,CB334F59-F065-7DAB-9C2B-5A3669B0BD26
1,-93,2EAED031-3590-344B-C4A8-89837A4F7FD1
1,-70,98BD1E1D-667F-6465-F2C0-AD62408ADEE8
1,-78,F0571E8D-A7BA-A618-7C1F-9B5DE0708944
1,-75,6439E5F8-45A3-2BF9-A90F-2F5412EAD07E
1,-80,8A60BD70-3625-C7FC-E1BD-921F21A9665A
1,-73,10E79AFE-4E98-6854-65EF-3E2C2D93DC46
1,-82,B29B9BDF-31B4-EFB5-9341-4823593885EA
1,-67,3E7BD904-8603-77EF-8151-D4DE5FD6E78A
1,-74,1A6F6B1A-5B42-9260-9384-259F81E6E89C
1,-73,5FAEC74A-B372-18CD-3464-305CD379F907
1,-73,25EEE710-D922-C8EB-84FC-60C776058272
1,-75,CB3FA815-792F-F093-ACFF-69B2FB6871CF
1,-74,BBE44E4E-3BEA-1528-EFA4-7A324456043A
1,-83,1667049A-7372-C30D-89B2-B1ECA12DB046
1,-72,99FC17B2-BBDE-A56A-E241-2F789956D915
1,-85,9A5F8A1B-3BD7-0A1B-99CE-D4B805F0FA27
1,-67,B43A23A2-9E71-C6E8-E077-47C1867CA41C
1,-69,13611532-E963-EE25-A8B6-448A5F64C501
1,-84,11568810-14EB-73E2-57A7-8E4F671044D2
1,-76,C7D801D0-6CB0-8BAC-5F66-74F8A1132E8D
1,-93,80324D1A-7A05-DCA2-D675-DF7AE48F80D0
1,-69,0896FD2C-8A5B-89C7-99EA-A33F73198964
1,-89,B779BA50-0B02-B6EB-F369-2E330AFC31F5
1,-94,40234201-0248-FAD4-2893-17374C36AD8B
1,-70,014E3480-8DCF-32C5-FB83-0FE3F9E647A1
1,-58,E1BEC981-F150-F7B4-9462-855BE34E0B7F
1,-87,77E25248-68BD-55D5-353C-70A9B5BC4147
1,-88,04BAB474-320A-44CF-2E48-F6A57219ED08
1,-73,8792153E-FDDA-84CC-BD7D-C8C6193F29A0
1,-63,2E69403D-0597-EAD1-3A45-239969C651B6
1,-89,2FD35A34-4C5E-50DD-0EC1-636D6F5D6545
1,-67,D59D2354-372E-EC13-7BDA-49D8735505CC
1,-45,7D1D648C-8CED-928B-3483-B164419E75B2
1,-99,B7D877B4-8EBF-A152-4CB3-42721417111E
1,-69,5CF555D6-48CA-4ADC-9211-635182D7E387
1,-92,67FFA22E-F2BD-3665-AD1C-2ABCEC892E3B
1,-71,80280365-B20E-1CFF-B716-1AF288304351
1,-70,6A24D35D-35ED-06B5-B39A-EAD4365222EA
1,-92,E454F94D-9C6E-ECA1-85D2-014317A7A8E9
1,-69,497D108A-8000-60BF-9EC6-D425A99F01B2
1,-64,8A50F6B1-3DB1-A85A-6ED9-343168E5E515
1,-71,A1444613-FD08-5AB4-70DE-F1C849A324D5
1,-89,0927D63B-9C1F-550F-2837-833C800C0015
1,-70,3E0588ED-B074-0E75-CF27-8FD8719BC258
1,-86,8D85DC3F-F1EF-4CFB-E847-EC1D4E0EE582
1,-96,A24CC2A3-FC82-437A-DA70-A30AFA2E6483
1,-93,28:ac:9e:3e:b1:8e
1,-88,b0:c7:45:c9:0d:d5
1,-87,c4:36:c0:e3:cc:3e
1,-87,b0:26:80:d1:d8:ae
1,-87,84:af:ec:a7:f2:b4
1,-87,10:27:f5:e3:50:97
1,-86,c4:36:c0:e3:cc:3f
1,-86,c4:36:c0:e3:cc:38
1,-86,b0:26:80:d1:d8:af
1,-85,84:af:ec:86:f0:70
1,-80,80:ea:96:f2:cc:77
1,-75,c0:06:c3:c0:b9:d3
1,-74,b0:c7:45:c9:0d:d0
1,-73,ac:44:f2:8c:e9:20
1,-72,b0:26:80:d1:cf:01
1,-72,b0:26:80:d1:cf:00
1,-71,84:af:ec:86:f0:60
1,-68,28:ac:9e:3e:b9:a0
1,-68,28:ac:9e:3e:b9:a1
1,-68,80:ea:96:f2:cc:76
1,-66,d0:40:ef:f9:f0:9d
1,-64,c0:06:c3:c0:b9:d2
1,-59,e8:4f:25:d6:0e:45
1,-56,60:84:bd:de:7c:60
1,-48,c0:25:a2:a7:2e:2a
1,-40,e8:4f:25:d3:9b:75
1,-58,60:84:bd:de:7c:67
1,-58,ac:44:f2:8c:b0:e0
1,-58,ac:44:f2:8c:e8:a8
1,-54,b0:26:80:d1:cf:0f
1,-54,b0:26:80:d1:cf:0e
1,-50,28:ac:9e:3e:b9:ae
1,-50,28:ac:9e:3e:b9:af
1,-44,c0:25:a2:a7:2e:2b
1,-43,c0:25:a2:a9:b1:4f
2,-72,32F31CC5-70F7-2C9C-C688-6996A985B386
2,-68,10E79AFE-4E98-6854-65EF-3E2C2D93DC46
2,-71,8792153E-FDDA-84CC-BD7D-C8C6193F29A0
2,-66,497D108A-8000-60BF-9EC6-D425A99F01B2
2,-70,5CF555D6-48CA-4ADC-9211-635182D7E387
2,-83,ACE72ECA-09A9-EAC6-1AF2-2E76BF660E4E
2,-60,51808EF8-2162-420F-731F-0817F82681B1
2,-61,CB334F59-F065-7DAB-9C2B-5A3669B0BD26
2,-67,BBE44E4E-3BEA-1528-EFA4-7A324456043A
2,-95,A24CC2A3-FC82-437A-DA70-A30AFA2E6483
2,-63,2E69403D-0597-EAD1-3A45-239969C651B6
2,-67,E1BEC981-F150-F7B4-9462-855BE34E0B7F
2,-70,0927D63B-9C1F-550F-2837-833C800C0015
2,-100,B779BA50-0B02-B6EB-F369-2E330AFC31F5
2,-89,C43A9D69-523A-95DA-C4D0-C87F69B323E1
2,-73,25EEE710-D922-C8EB-84FC-60C776058272
2,-81,80324D1A-7A05-DCA2-D675-DF7AE48F80D0
2,-91,249C181E-96E7-D024-AD18-CEC7BE3C93E9
2,-88,04BAB474-320A-44CF-2E48-F6A57219ED08
2,-75,C1585FD6-BAD0-9CC9-A0DD-D6A5137C7C97
2,-70,C7D801D0-6CB0-8BAC-5F66-74F8A1132E8D
2,-76,62AD6CB1-240F-3D43-8405-33EC8BF3D7BB
2,-69,B43A23A2-9E71-C6E8-E077-47C1867CA41C
2,-82,9A5F8A1B-3BD7-0A1B-99CE-D4B805F0FA27
2,-48,7ACF5DA2-65CB-4119-12AB-22CBA8C09B29
2,-85,11568810-14EB-73E2-57A7-8E4F671044D2
2,-69,3E0588ED-B074-0E75-CF27-8FD8719BC258
2,-78,6A24D35D-35ED-06B5-B39A-EAD4365222EA
2,-82,F0571E8D-A7BA-A618-7C1F-9B5DE0708944
2,-73,98BD1E1D-667F-6465-F2C0-AD62408ADEE8
2,-84,FA3E01C8-BFD2-EEB6-4B65-3FE180426693
2,-39,7D1D648C-8CED-928B-3483-B164419E75B2
2,-61,6439E5F8-45A3-2BF9-A90F-2F5412EAD07E
2,-62,CEEB922A-7DDE-46D0-CDC8-E7CDA8BD08A2
2,-84,1A6F6B1A-5B42-9260-9384-259F81E6E89C
2,-79,CB3FA815-792F-F093-ACFF-69B2FB6871CF
2,-72,8A60BD70-3625-C7FC-E1BD-921F21A9665A
2,-73,470BCD0E-4128-C60A-A81D-998F97C53329
2,-70,99FC17B2-BBDE-A56A-E241-2F789956D915
2,-57,13611532-E963-EE25-A8B6-448A5F64C501
2,-83,1667049A-7372-C30D-89B2-B1ECA12DB046
2,-73,5FAEC74A-B372-18CD-3464-305CD379F907
2,-73,FECC9580-0160-68F0-903C-B4B165AAB9CC
2,-71,8A50F6B1-3DB1-A85A-6ED9-343168E5E515
2,-87,67FFA22E-F2BD-3665-AD1C-2ABCEC892E3B
2,-61,B29B9BDF-31B4-EFB5-9341-4823593885EA
2,-83,77E25248-68BD-55D5-353C-70A9B5BC4147
2,-93,28:ac:9e:3e:b1:8e
2,-88,b0:c7:45:c9:0d:d5
2,-87,c4:36:c0:e3:cc:3f
2,-87,c4:36:c0:e3:cc:3e
2,-87,c4:36:c0:e3:cc:38
2,-87,b0:26:80:d1:d8:ae
2,-87,b0:26:80:d1:d8:af
2,-87,84:af:ec:a7:f2:b4
2,-87,10:27:f5:e3:50:97
2,-85,84:af:ec:86:f0:70
2,-76,80:ea:96:f2:cc:77
2,-75,e8:4f:25:d6:2e:b9
2,-74,b0:c7:45:c9:0d:d0
2,-73,ac:44:f2:8c:e9:20
2,-73,c0:06:c3:c0:b9:d3
2,-72,16:27:f5:e3:50:96
2,-72,10:27:f5:e3:50:96
2,-72,b0:26:80:d1:cf:01
2,-72,b0:26:80:d1:cf:00
2,-71,84:af:ec:86:f0:60
2,-68,28:ac:9e:3e:b9:a0
2,-68,28:ac:9e:3e:b9:a1
2,-67,c0:06:c3:c0:b9:d2
2,-63,d0:40:ef:f9:f0:9d
2,-63,e8:4f:25:d6:0e:45
2,-56,80:ea:96:f2:cc:76
2,-50,c0:25:a2:a7:2e:2a
2,-48,60:84:bd:de:7c:60
2,-42,e8:4f:25:d3:9b:75
2,-58,60:84:bd:de:7c:67
2,-55,ac:44:f2:8c:b0:e0
2,-55,ac:44:f2:8c:e8:a8
2,-53,b0:26:80:d1:cf:0f
2,-53,b0:26:80:d1:cf:0e
2,-53,28:ac:9e:3e:b9:ae
2,-52,28:ac:9e:3e:b9:af
2,-44,c0:25:a2:a7:2e:2b
2,-41,c0:25:a2:a9:b1:4f
3,-70,497D108A-8000-60BF-9EC6-D425A99F01B2
3,-73,AB7D83E5-7101-36F5-D2B4-668B2C9A7903
3,-62,2E69403D-0597-EAD1-3A45-239969C651B6
3,-67,8A50F6B1-3DB1-A85A-6ED9-343168E5E515
3,-95,A24CC2A3-FC82-437A-DA70-A30AFA2E6483
3,-70,10E79AFE-4E98-6854-65EF-3E2C2D93DC46
3,-70,0927D63B-9C1F-550F-2837-833C800C0015
3,-63,B29B9BDF-31B4-EFB5-9341-4823593885EA
3,-77,FA3E01C8-BFD2-EEB6-4B65-3FE180426693
3,-54,91592F85-8583-F7D2-B20C-CF8314BB5E59
3,-59,CB334F59-F065-7DAB-9C2B-5A3669B0BD26
3,-75,3E0588ED-B074-0E75-CF27-8FD8719BC258
3,-69,6A24D35D-35ED-06B5-B39A-EAD4365222EA
3,-82,BBE44E4E-3BEA-1528-EFA4-7A324456043A
3,-62,E1BEC981-F150-F7B4-9462-855BE34E0B7F
3,-84,9A5F8A1B-3BD7-0A1B-99CE-D4B805F0FA27
3,-86,04BAB474-320A-44CF-2E48-F6A57219ED08
3,-90,80324D1A-7A05-DCA2-D675-DF7AE48F80D0
3,-96,A87224AC-4440-6421-23F3-8D88EE4F2949
3,-70,B43A23A2-9E71-C6E8-E077-47C1867CA41C
3,-48,7ACF5DA2-65CB-4119-12AB-22CBA8C09B29
3,-85,1667049A-7372-C30D-89B2-B1ECA12DB046
3,-62,402B799D-D0B5-1828-8A38-5A7872AC004C
3,-75,D59D2354-372E-EC13-7BDA-49D8735505CC
3,-73,25EEE710-D922-C8EB-84FC-60C776058272
3,-83,11568810-14EB-73E2-57A7-8E4F671044D2
3,-59,CEEB922A-7DDE-46D0-CDC8-E7CDA8BD08A2
3,-87,67FFA22E-F2BD-3665-AD1C-2ABCEC892E3B
3,-102,756C2E00-2EDF-F925-AFCF-51F8DC12B3B9
3,-40,7D1D648C-8CED-928B-3483-B164419E75B2
3,-67,5CF555D6-48CA-4ADC-9211-635182D7E387
3,-81,CB3FA815-792F-F093-ACFF-69B2FB6871CF
3,-86,1A6F6B1A-5B42-9260-9384-259F81E6E89C
3,-70,99FC17B2-BBDE-A56A-E241-2F789956D915
3,-72,8BDFFC3A-CAB9-9C5A-5F90-222316CF3FB3
3,-76,32F31CC5-70F7-2C9C-C688-6996A985B386
3,-58,51808EF8-2162-420F-731F-0817F82681B1
3,-47,13611532-E963-EE25-A8B6-448A5F64C501
3,-83,62AD6CB1-240F-3D43-8405-33EC8BF3D7BB
3,-89,342E00F8-E4F1-632A-4734-AEED3A13A0A0
3,-99,B779BA50-0B02-B6EB-F369-2E330AFC31F5
3,-93,E454F94D-9C6E-ECA1-85D2-014317A7A8E9
3,-72,A1ED206E-338C-46F5-A589-35FC4E56E4FA
3,-73,5FAEC74A-B372-18CD-3464-305CD379F907
3,-92,249C181E-96E7-D024-AD18-CEC7BE3C93E9
3,-82,ACE72ECA-09A9-EAC6-1AF2-2E76BF660E4E
3,-72,C1585FD6-BAD0-9CC9-A0DD-D6A5137C7C97
3,-89,b0:c7:45:c9:0d:d5
3,-88,c4:36:c0:e3:cc:38
3,-88,10:27:f5:e3:50:97
3,-87,9e:ad:97:b9:a0:be
3,-87,c4:36:c0:e3:cc:3f
3,-87,c4:36:c0:e3:cc:3e
3,-86,b0:26:80:d1:d8:ae
3,-86,84:af:ec:a7:f2:b4
3,-85,b0:26:80:d1:d8:af
3,-85,84:af:ec:86:f0:70
3,-77,80:ea:96:f2:cc:77
3,-75,e8:4f:25:d6:2e:b9
3,-74,ac:44:f2:8c:e9:20
3,-74,c0:06:c3:c0:b9:d3
3,-74,b0:c7:45:c9:0d:d0
3,-74,b0:26:80:d1:cf:01
3,-73,16:27:f5:e3:50:96
3,-72,10:27:f5:e3:50:96
3,-71,c4:36:c0:e3:cc:37
3,-71,84:af:ec:86:f0:60
3,-70,c4:36:c0:e3:cc:36
3,-69,80:ea:96:f2:cc:76
3,-68,c4:36:c0:e3:cc:30
3,-68,28:ac:9e:3e:b9:a0
3,-68,28:ac:9e:3e:b9:a1
3,-67,c6:06:c3:c0:b9:d2
3,-67,c0:06:c3:c0:b9:d2
3,-63,d0:40:ef:f9:f0:9d
3,-60,e8:4f:25:d6:0e:45
3,-59,60:84:bd:de:7c:60
3,-55,c0:25:a2:a7:2e:2a
3,-39,e8:4f:25:d3:9b:75
3,-58,60:84:bd:de:7c:67
3,-55,ac:44:f2:8c:e8:a8
3,-54,ac:44:f2:8c:b0:e0
3,-53,b0:26:80:d1:cf:0f
3,-52,b0:26:80:d1:cf:0e
3,-52,28:ac:9e:3e:b9:ae
3,-51,28:ac:9e:3e:b9:af
3,-44,c0:25:a2:a7:2e:2b
3,-41,c0:25:a2:a9:b1:4f
4,-50,7ACF5DA2-65CB-4119-12AB-22CBA8C09B29
4,-83,5FAEC74A-B372-18CD-3464-305CD379F907
4,-88,67FFA22E-F2BD-3665-AD1C-2ABCEC892E3B
4,-85,11568810-14EB-73E2-57A7-8E4F671044D2
4,-68,E93AB3DA-6277-0FCF-F172-4C8891BDB8EA
4,-83,9A5F8A1B-3BD7-0A1B-99CE-D4B805F0FA27
4,-64,8A50F6B1-3DB1-A85A-6ED9-343168E5E515
4,-69,0896FD2C-8A5B-89C7-99EA-A33F73198964
4,-66,BBE44E4E-3BEA-1528-EFA4-7A324456043A
4,-84,1667049A-7372-C30D-89B2-B1ECA12DB046
4,-69,6A24D35D-35ED-06B5-B39A-EAD4365222EA
4,-78,8792153E-FDDA-84CC-BD7D-C8C6193F29A0
4,-57,CB334F59-F065-7DAB-9C2B-5A3669B0BD26
4,-83,25EEE710-D922-C8EB-84FC-60C776058272
4,-58,51808EF8-2162-420F-731F-0817F82681B1
4,-70,B43A23A2-9E71-C6E8-E077-47C1867CA41C
4,-65,2E69403D-0597-EAD1-3A45-239969C651B6
4,-61,91592F85-8583-F7D2-B20C-CF8314BB5E59
4,-92,E454F94D-9C6E-ECA1-85D2-014317A7A8E9
4,-97,A87224AC-4440-6421-23F3-8D88EE4F2949
4,-68,ACE72ECA-09A9-EAC6-1AF2-2E76BF660E4E
4,-71,80280365-B20E-1CFF-B716-1AF288304351
4,-92,249C181E-96E7-D024-AD18-CEC7BE3C93E9
4,-79,B29B9BDF-31B4-EFB5-9341-4823593885EA
4,-92,2EAED031-3590-344B-C4A8-89837A4F7FD1
4,-82,A1444613-FD08-5AB4-70DE-F1C849A324D5
4,-78,62AD6CB1-240F-3D43-8405-33EC8BF3D7BB
4,-75,D59D2354-372E-EC13-7BDA-49D8735505CC
4,-56,CEEB922A-7DDE-46D0-CDC8-E7CDA8BD08A2
4,-74,C1585FD6-BAD0-9CC9-A0DD-D6A5137C7C97
4,-70,014E3480-8DCF-32C5-FB83-0FE3F9E647A1
4,-71,AB7D83E5-7101-36F5-D2B4-668B2C9A7903
4,-63,5CF555D6-48CA-4ADC-9211-635182D7E387
4,-87,C43A9D69-523A-95DA-C4D0-C87F69B323E1
4,-85,1A6F6B1A-5B42-9260-9384-259F81E6E89C
4,-72,A1ED206E-338C-46F5-A589-35FC4E56E4FA
4,-72,CB3FA815-792F-F093-ACFF-69B2FB6871CF
4,-70,13611532-E963-EE25-A8B6-448A5F64C501
4,-76,3E0588ED-B074-0E75-CF27-8FD8719BC258
4,-99,E4449501-7A76-AA58-CC11-0D5292F8E06A
4,-65,8BDFFC3A-CAB9-9C5A-5F90-222316CF3FB3
4,-70,99FC17B2-BBDE-A56A-E241-2F789956D915
4,-78,10E79AFE-4E98-6854-65EF-3E2C2D93DC46
4,-69,497D108A-8000-60BF-9EC6-D425A99F01B2
4,-100,B7D877B4-8EBF-A152-4CB3-42721417111E
4,-61,0927D63B-9C1F-550F-2837-833C800C0015
4,-94,55A8B95C-73EA-2CF7-EF97-C5021547DBC3
4,-88,c4:36:c0:e3:cc:3f
4,-88,c4:36:c0:e3:cc:38
4,-88,b0:c7:45:c9:0d:d5
4,-87,9e:ad:97:b9:a0:be
4,-87,c4:36:c0:e3:cc:3e
4,-87,10:27:f5:e3:50:97
4,-86,b0:26:80:d1:d8:ae
4,-86,84:af:ec:a7:f2:b4
4,-85,c4:3c:ea:3f:44:23
4,-85,b0:26:80:d1:d8:af
4,-84,b0:26:80:d1:d8:a0
4,-77,80:ea:96:f2:cc:77
4,-75,e8:4f:25:d6:2e:b9
4,-75,c0:06:c3:c0:b9:d3
4,-74,b0:26:80:d1:cf:01
4,-73,16:27:f5:e3:50:96
4,-73,ac:44:f2:8c:e9:20
4,-72,10:27:f5:e3:50:96
4,-71,c4:36:c0:e3:cc:37
4,-71,84:af:ec:86:f0:60
4,-70,c4:36:c0:e3:cc:36
4,-69,28:ac:9e:3e:b9:a0
4,-69,80:ea:96:f2:cc:76
4,-68,c4:36:c0:e3:cc:30
4,-68,28:ac:9e:3e:b9:a1
4,-67,c6:06:c3:c0:b9:d2
4,-67,c0:06:c3:c0:b9:d2
4,-63,d0:40:ef:f9:f0:9d
4,-59,60:84:bd:de:7c:60
4,-57,e8:4f:25:d6:0e:45
4,-49,c0:25:a2:a7:2e:2a
4,-40,e8:4f:25:d3:9b:75
4,-58,60:84:bd:de:7c:67
4,-56,ac:44:f2:8c:b0:e0
4,-55,ac:44:f2:8c:e8:a8
4,-52,b0:26:80:d1:cf:0f
4,-52,b0:26:80:d1:cf:0e
4,-51,28:ac:9e:3e:b9:ae
4,-51,28:ac:9e:3e:b9:af
4,-45,c0:25:a2:a7:2e:2b
4,-42,c0:25:a2:a9:b1:4f
5,-39,7D1D648C-8CED-928B-3483-B164419E75B2
5,-74,32F31CC5-70F7-2C9C-C688-6996A985B386
5,-74,C1585FD6-BAD0-9CC9-A0DD-D6A5137C7C97
5,-96,3A292ADA-B6CF-253F-2188-1D00821B2821
5,-71,8792153E-FDDA-84CC-BD7D-C8C6193F29A0
5,-91,A1444613-FD08-5AB4-70DE-F1C849A324D5
5,-76,99FC17B2-BBDE-A56A-E241-2F789956D915
5,-71,CB3FA815-792F-F093-ACFF-69B2FB6871CF
5,-52,7ACF5DA2-65CB-4119-12AB-22CBA8C09B29
5,-84,B29B9BDF-31B4-EFB5-9341-4823593885EA
5,-76,3E0588ED-B074-0E75-CF27-8FD8719BC258
5,-60,8A50F6B1-3DB1-A85A-6ED9-343168E5E515
5,-93,A24CC2A3-FC82-437A-DA70-A30AFA2E6483
5,-86,B779BA50-0B02-B6EB-F369-2E330AFC31F5
5,-65,497D108A-8000-60BF-9EC6-D425A99F01B2
5,-70,6A24D35D-35ED-06B5-B39A-EAD4365222EA
5,-59,E1BEC981-F150-F7B4-9462-855BE34E0B7F
5,-70,0927D63B-9C1F-550F-2837-833C800C0015
5,-55,CB334F59-F065-7DAB-9C2B-5A3669B0BD26
5,-89,80324D1A-7A05-DCA2-D675-DF7AE48F80D0
5,-81,C273A7C0-D2CF-7033-9066-63DE621A6AF6
5,-82,014E3480-8DCF-32C5-FB83-0FE3F9E647A1
5,-90,04BAB474-320A-44CF-2E48-F6A57219ED08
5,-85,9A5F8A1B-3BD7-0A1B-99CE-D4B805F0FA27
5,-84,11568810-14EB-73E2-57A7-8E4F671044D2
5,-61,5CF555D6-48CA-4ADC-9211-635182D7E387
5,-66,BBE44E4E-3BEA-1528-EFA4-7A324456043A
5,-56,51808EF8-2162-420F-731F-0817F82681B1
5,-81,5FAEC74A-B372-18CD-3464-305CD379F907
5,-63,91592F85-8583-F7D2-B20C-CF8314BB5E59
5,-86,6439E5F8-45A3-2BF9-A90F-2F5412EAD07E
5,-48,CEEB922A-7DDE-46D0-CDC8-E7CDA8BD08A2
5,-72,AB7D83E5-7101-36F5-D2B4-668B2C9A7903
5,-65,A1ED206E-338C-46F5-A589-35FC4E56E4FA
5,-70,B43A23A2-9E71-C6E8-E077-47C1867CA41C
5,-78,F0571E8D-A7BA-A618-7C1F-9B5DE0708944
5,-71,13611532-E963-EE25-A8B6-448A5F64C501
5,-84,25EEE710-D922-C8EB-84FC-60C776058272
5,-84,1A6F6B1A-5B42-9260-9384-259F81E6E89C
5,-90,E4449501-7A76-AA58-CC11-0D5292F8E06A
5,-61,10E79AFE-4E98-6854-65EF-3E2C2D93DC46
5,-60,E93AB3DA-6277-0FCF-F172-4C8891BDB8EA
5,-96,ADDBD14C-381C-F9A0-BF37-82436789C84D
5,-83,67FFA22E-F2BD-3665-AD1C-2ABCEC892E3B
5,-91,C201933F-D4D5-F4DC-D8A7-664D8E19A206
5,-92,E58AC1CA-2F20-FDE0-4A7E-F62D63B12574
5,-66,8BDFFC3A-CAB9-9C5A-5F90-222316CF3FB3
5,-70,EC8DCE43-DC6A-E4ED-F9BC-72AFA2076DEE
5,-82,E454F94D-9C6E-ECA1-85D2-014317A7A8E9
5,-84,1667049A-7372-C30D-89B2-B1ECA12DB046
5,-93,28:ac:9e:3e:b1:8e
5,-89,b0:c7:45:c9:0d:d5
5,-88,10:27:f5:e3:50:97
5,-87,84:af:ec:86:f0:70
5,-87,9e:ad:97:b9:a0:be
5,-87,c4:36:c0:e3:cc:3f
5,-87,c4:36:c0:e3:cc:3e
5,-87,c4:36:c0:e3:cc:38
5,-86,b0:26:80:d1:d8:af
5,-86,84:af:ec:a7:f2:b4
5,-85,c4:3c:ea:3f:44:23
5,-85,b0:26:80:d1:d8:ae
5,-84,b0:26:80:d1:d8:a0
5,-78,80:ea:96:f2:cc:77
5,-74,ac:44:f2:8c:e9:20
5,-74,c0:06:c3:c0:b9:d3
5,-73,16:27:f5:e3:50:96
5,-71,b0:26:80:d1:cf:00
5,-71,c4:36:c0:e3:cc:37
5,-71,84:af:ec:86:f0:60
5,-71,b0:26:80:d1:cf:01
5,-70,c4:36:c0:e3:cc:36
5,-69,28:ac:9e:3e:b9:a0
5,-68,c4:36:c0:e3:cc:30
5,-68,28:ac:9e:3e:b9:a1
5,-67,c6:06:c3:c0:b9:d2
5,-65,c0:06:c3:c0:b9:d2
5,-63,d0:40:ef:f9:f0:9d
5,-60,e8:4f:25:d6:0e:45
5,-59,60:84:bd:de:7c:60
5,-57,80:ea:96:f2:cc:76
5,-53,c0:25:a2:a7:2e:2a
5,-40,e8:4f:25:d3:9b:75
5,-57,60:84:bd:de:7c:67
5,-57,ac:44:f2:8c:b0:e0
5,-55,ac:44:f2:8c:e8:a8
5,-54,b0:26:80:d1:cf:0e
5,-53,b0:26:80:d1:cf:0f
5,-53,28:ac:9e:3e:b9:ae
5,-53,28:ac:9e:3e:b9:af
5,-44,c0:25:a2:a7:2e:2b
5,-44,c0:25:a2:a9:b1:4f
6,-69,B29B9BDF-31B4-EFB5-9341-4823593885EA
6,-73,13611532-E963-EE25-A8B6-448A5F64C501
6,-71,3E0588ED-B074-0E75-CF27-8FD8719BC258
6,-70,10E79AFE-4E98-6854-65EF-3E2C2D93DC46
6,-81,5FAEC74A-B372-18CD-3464-305CD379F907
6,-68,0896FD2C-8A5B-89C7-99EA-A33F73198964
6,-87,11568810-14EB-73E2-57A7-8E4F671044D2
6,-75,CB3FA815-792F-F093-ACFF-69B2FB6871CF
6,-92,E4449501-7A76-AA58-CC11-0D5292F8E06A
6,-85,1667049A-7372-C30D-89B2-B1ECA12DB046
6,-65,BBE44E4E-3BEA-1528-EFA4-7A324456043A
6,-54,7ACF5DA2-65CB-4119-12AB-22CBA8C09B29
6,-72,402B799D-D0B5-1828-8A38-5A7872AC004C
6,-67,E1BEC981-F150-F7B4-9462-855BE34E0B7F
6,-74,497D108A-8000-60BF-9EC6-D425A99F01B2
6,-96,A24CC2A3-FC82-437A-DA70-A30AFA2E6483
6,-71,8792153E-FDDA-84CC-BD7D-C8C6193F29A0
6,-60,CB334F59-F065-7DAB-9C2B-5A3669B0BD26
6,-63,B43A23A2-9E71-C6E8-E077-47C1867CA41C
6,-97,B779BA50-0B02-B6EB-F369-2E330AFC31F5
6,-70,0927D63B-9C1F-550F-2837-833C800C0015
6,-84,62AD6CB1-240F-3D43-8405-33EC8BF3D7BB
6,-70,6A24D35D-35ED-06B5-B39A-EAD4365222EA
6,-92,67FFA22E-F2BD-3665-AD1C-2ABCEC892E3B
6,-85,80324D1A-7A05-DCA2-D675-DF7AE48F80D0
6,-92,3A292ADA-B6CF-253F-2188-1D00821B2821
6,-82,A1444613-FD08-5AB4-70DE-F1C849A324D5
6,-57,51808EF8-2162-420F-731F-0817F82681B1
6,-88,2EAED031-3590-344B-C4A8-89837A4F7FD1
6,-45,CEEB922A-7DDE-46D0-CDC8-E7CDA8BD08A2
6,-76,2E69403D-0597-EAD1-3A45-239969C651B6
6,-83,25EEE710-D922-C8EB-84FC-60C776058272
6,-88,04BAB474-320A-44CF-2E48-F6A57219ED08
6,-67,FA1B5EB7-9854-EF57-0011-9DAF510B3836
6,-77,6439E5F8-45A3-2BF9-A90F-2F5412EAD07E
6,-93,756C2E00-2EDF-F925-AFCF-51F8DC12B3B9
6,-62,014E3480-8DCF-32C5-FB83-0FE3F9E647A1
6,-67,AB7D83E5-7101-36F5-D2B4-668B2C9A7903
6,-70,8A50F6B1-3DB1-A85A-6ED9-343168E5E515
6,-82,32F31CC5-70F7-2C9C-C688-6996A985B386
6,-75,8BDFFC3A-CAB9-9C5A-5F90-222316CF3FB3
6,-85,C43A9D69-523A-95DA-C4D0-C87F69B323E1
6,-87,9A5F8A1B-3BD7-0A1B-99CE-D4B805F0FA27
6,-75,ACE72ECA-09A9-EAC6-1AF2-2E76BF660E4E
6,-91,249C181E-96E7-D024-AD18-CEC7BE3C93E9
6,-73,C1585FD6-BAD0-9CC9-A0DD-D6A5137C7C97
6,-93,28:ac:9e:3e:b1:8e
6,-90,84:af:ec:a7:f2:b4
6,-88,c4:36:c0:e3:cc:3e
6,-88,c4:36:c0:e3:cc:38
6,-87,84:af:ec:86:f0:70
6,-87,c4:36:c0:e3:cc:3f
6,-87,b0:26:80:d1:d8:ae
6,-87,b0:c7:45:c9:0d:d5
6,-87,b0:26:80:d1:d8:af
6,-87,10:27:f5:e3:50:97
6,-86,9e:ad:97:b9:a0:be
6,-85,c4:3c:ea:3f:44:23
6,-84,b0:26:80:d1:d8:a0
6,-80,c0:25:a2:a8:01:22
6,-76,80:ea:96:f2:cc:77
6,-74,c0:06:c3:c0:b9:d3
6,-73,b0:c7:45:c9:0d:d0
6,-73,ac:44:f2:8c:e9:20
6,-71,b0:26:80:d1:cf:00
6,-71,84:af:ec:86:f0:60
6,-71,b0:26:80:d1:cf:01
6,-69,28:ac:9e:3e:b9:a0
6,-69,c0:06:c3:c0:b9:d2
6,-68,28:ac:9e:3e:b9:a1
6,-66,d0:40:ef:f9:f0:9d
6,-62,e8:4f:25:d6:0e:45
6,-57,80:ea:96:f2:cc:76
6,-56,60:84:bd:de:7c:60
6,-42,e8:4f:25:d3:9b:75
6,-40,c0:25:a2:a7:2e:2a
6,-56,60:84:bd:de:7c:67
6,-56,ac:44:f2:8c:b0:e0
6,-56,ac:44:f2:8c:e8:a8
6,-54,b0:26:80:d1:cf:0f
6,-54,b0:26:80:d1:cf:0e
6,-53,28:ac:9e:3e:b9:af
6,-52,28:ac:9e:3e:b9:ae
6,-45,c0:25:a2:a7:2e:2b
6,-42,c0:25:a2:a9:b1:4f
7,-69,D59D2354-372E-EC13-7BDA-49D8735505CC
7,-47,CEEB922A-7DDE-46D0-CDC8-E7CDA8BD08A2
7,-88,04BAB474-320A-44CF-2E48-F6A57219ED08
7,-63,B29B9BDF-31B4-EFB5-9341-4823593885EA
7,-91,67FFA22E-F2BD-3665-AD1C-2ABCEC892E3B
7,-50,7ACF5DA2-65CB-4119-12AB-22CBA8C09B29
7,-76,BBE44E4E-3BEA-1528-EFA4-7A324456043A
7,-64,91592F85-8583-F7D2-B20C-CF8314BB5E59
7,-72,8792153E-FDDA-84CC-BD7D-C8C6193F29A0
7,-75,6A24D35D-35ED-06B5-B39A-EAD4365222EA
7,-72,3E0588ED-B074-0E75-CF27-8FD8719BC258
7,-62,13611532-E963-EE25-A8B6-448A5F64C501
7,-69,99FC17B2-BBDE-A56A-E241-2F789956D915
7,-87,80324D1A-7A05-DCA2-D675-DF7AE48F80D0
7,-82,62AD6CB1-240F-3D43-8405-33EC8BF3D7BB
7,-61,CB334F59-F065-7DAB-9C2B-5A3669B0BD26
7,-79,CB3FA815-792F-F093-ACFF-69B2FB6871CF
7,-61,51808EF8-2162-420F-731F-0817F82681B1
7,-76,8A50F6B1-3DB1-A85A-6ED9-343168E5E515
7,-71,A1ED206E-338C-46F5-A589-35FC4E56E4FA
7,-66,10E79AFE-4E98-6854-65EF-3E2C2D93DC46
7,-84,1A6F6B1A-5B42-9260-9384-259F81E6E89C
7,-82,8BDFFC3A-CAB9-9C5A-5F90-222316CF3FB3
7,-63,5CF555D6-48CA-4ADC-9211-635182D7E387
7,-79,A8B90212-933E-55E6-900F-3061F77A9AA2
7,-95,0F4C2266-F258-AE69-BED7-541A8EA5EA24
7,-76,497D108A-8000-60BF-9EC6-D425A99F01B2
7,-82,5FAEC74A-B372-18CD-3464-305CD379F907
7,-82,25EEE710-D922-C8EB-84FC-60C776058272
7,-72,014E3480-8DCF-32C5-FB83-0FE3F9E647A1
7,-81,32F31CC5-70F7-2C9C-C688-6996A985B386
7,-98,A24CC2A3-FC82-437A-DA70-A30AFA2E6483
7,-73,B43A23A2-9E71-C6E8-E077-47C1867CA41C
7,-70,0927D63B-9C1F-550F-2837-833C800C0015
7,-66,E1BEC981-F150-F7B4-9462-855BE34E0B7F
7,-83,11568810-14EB-73E2-57A7-8E4F671044D2
7,-100,B779BA50-0B02-B6EB-F369-2E330AFC31F5
7,-73,2E69403D-0597-EAD1-3A45-239969C651B6
7,-84,1667049A-7372-C30D-89B2-B1ECA12DB046
7,-85,0896FD2C-8A5B-89C7-99EA-A33F73198964
7,-71,FA1B5EB7-9854-EF57-0011-9DAF510B3836
7,-95,A87224AC-4440-6421-23F3-8D88EE4F2949
7,-73,C1585FD6-BAD0-9CC9-A0DD-D6A5137C7C97
7,-90,2EAED031-3590-344B-C4A8-89837A4F7FD1
7,-83,4E19335A-5B9F-91CA-BF69-7D42F102E4B6
7,-82,A1444613-FD08-5AB4-70DE-F1C849A324D5
7,-68,8D85DC3F-F1EF-4CFB-E847-EC1D4E0EE582
7,-87,9A5F8A1B-3BD7-0A1B-99CE-D4B805F0FA27
7,-44,7D1D648C-8CED-928B-3483-B164419E75B2
7,-99,FE156ECF-94AA-C7AE-6986-433F101573A6
7,-97,E4449501-7A76-AA58-CC11-0D5292F8E06A
7,-103,d0:4f:58:52:f8:71
7,-93,28:ac:9e:3e:b1:8e
7,-90,c0:25:a2:a8:01:23
7,-90,b0:c7:45:c9:0d:d5
7,-88,c4:36:c0:e3:cc:3e
7,-88,c4:36:c0:e3:cc:38
7,-88,b0:26:80:d1:d8:ae
7,-88,b0:26:80:d1:d8:af
7,-88,10:27:f5:e3:50:97
7,-87,c4:36:c0:e3:cc:3f
7,-86,84:af:ec:86:f0:70
7,-86,9e:ad:97:b9:a0:be
7,-86,84:af:ec:a7:f2:b4
7,-80,c0:25:a2:a8:01:22
7,-78,00:90:fe:f7:da:b6
7,-76,80:ea:96:f2:cc:77
7,-75,c0:06:c3:c0:b9:d3
7,-74,ac:44:f2:8c:e9:20
7,-73,b0:c7:45:c9:0d:d0
7,-71,b0:26:80:d1:cf:00
7,-71,b0:26:80:d1:cf:01
7,-69,28:ac:9e:3e:b9:a0
7,-67,c0:06:c3:c0:b9:d2
7,-66,d0:40:ef:f9:f0:9d
7,-58,80:ea:96:f2:cc:76
7,-58,e8:4f:25:d6:0e:45
7,-56,60:84:bd:de:7c:60
7,-54,84:af:ec:86:f0:60
7,-49,c0:25:a2:a7:2e:2a
7,-39,e8:4f:25:d3:9b:75
7,-57,60:84:bd:de:7c:67
7,-57,ac:44:f2:8c:b0:e0
7,-55,ac:44:f2:8c:e8:a8
7,-54,b0:26:80:d1:cf:0f
7,-53,b0:26:80:d1:cf:0e
7,-51,28:ac:9e:3e:b9:ae
7,-51,28:ac:9e:3e:b9:af
7,-44,c0:25:a2:a7:2e:2b
7,-43,c0:25:a2:a9:b1:4f
8,-72,8A50F6B1-3DB1-A85A-6ED9-343168E5E515
8,-95,2EAED031-3590-344B-C4A8-89837A4F7FD1
8,-93,E454F94D-9C6E-ECA1-85D2-014317A7A8E9
8,-88,80324D1A-7A05-DCA2-D675-DF7AE48F80D0
8,-47,CEEB922A-7DDE-46D0-CDC8-E7CDA8BD08A2
8,-70,99FC17B2-BBDE-A56A-E241-2F789956D915
8,-60,CB334F59-F065-7DAB-9C2B-5A3669B0BD26
8,-60,51808EF8-2162-420F-731F-0817F82681B1
8,-89,CB3FA815-792F-F093-ACFF-69B2FB6871CF
8,-74,BBE44E4E-3BEA-1528-EFA4-7A324456043A
8,-85,AB7D83E5-7101-36F5-D2B4-668B2C9A7903
8,-62,2E69403D-0597-EAD1-3A45-239969C651B6
8,-85,9A5F8A1B-3BD7-0A1B-99CE-D4B805F0FA27
8,-70,D59D2354-372E-EC13-7BDA-49D8735505CC
8,-51,7ACF5DA2-65CB-4119-12AB-22CBA8C09B29
8,-74,B43A23A2-9E71-C6E8-E077-47C1867CA41C
8,-87,F0571E8D-A7BA-A618-7C1F-9B5DE0708944
8,-72,81B676A5-3FC1-6849-5959-416BD24DC854
8,-47,5CF555D6-48CA-4ADC-9211-635182D7E387
8,-73,C1585FD6-BAD0-9CC9-A0DD-D6A5137C7C97
8,-80,ACE72ECA-09A9-EAC6-1AF2-2E76BF660E4E
8,-74,497D108A-8000-60BF-9EC6-D425A99F01B2
8,-83,11568810-14EB-73E2-57A7-8E4F671044D2
8,-89,A1444613-FD08-5AB4-70DE-F1C849A324D5
8,-89,1667049A-7372-C30D-89B2-B1ECA12DB046
8,-74,5FAEC74A-B372-18CD-3464-305CD379F907
8,-75,25EEE710-D922-C8EB-84FC-60C776058272
8,-94,E4449501-7A76-AA58-CC11-0D5292F8E06A
8,-84,1A6F6B1A-5B42-9260-9384-259F81E6E89C
8,-72,0896FD2C-8A5B-89C7-99EA-A33F73198964
8,-61,470BCD0E-4128-C60A-A81D-998F97C53329
8,-65,B29B9BDF-31B4-EFB5-9341-4823593885EA
8,-97,B7D877B4-8EBF-A152-4CB3-42721417111E
8,-69,E1BEC981-F150-F7B4-9462-855BE34E0B7F
8,-97,A24CC2A3-FC82-437A-DA70-A30AFA2E6483
8,-44,DCB25614-9ADE-B1F7-5069-BE3843A94AC7
8,-73,3E0588ED-B074-0E75-CF27-8FD8719BC258
8,-72,8BDFFC3A-CAB9-9C5A-5F90-222316CF3FB3
8,-86,6439E5F8-45A3-2BF9-A90F-2F5412EAD07E
8,-85,62AD6CB1-240F-3D43-8405-33EC8BF3D7BB
8,-89,04BAB474-320A-44CF-2E48-F6A57219ED08
8,-73,10E79AFE-4E98-6854-65EF-3E2C2D93DC46
8,-64,13611532-E963-EE25-A8B6-448A5F64C501
8,-88,67FFA22E-F2BD-3665-AD1C-2ABCEC892E3B
8,-69,A1ED206E-338C-46F5-A589-35FC4E56E4FA
8,-97,40234201-0248-FAD4-2893-17374C36AD8B
8,-58,91592F85-8583-F7D2-B20C-CF8314BB5E59
8,-41,7D1D648C-8CED-928B-3483-B164419E75B2
8,-103,d0:4f:58:52:f8:71
8,-93,28:ac:9e:3e:b1:8e
8,-90,c0:25:a2:a8:01:23
8,-88,b0:c7:45:c9:0d:d5
8,-88,84:af:ec:a7:f2:b4
8,-87,c4:36:c0:e3:cc:3f
8,-87,c4:36:c0:e3:cc:3e
8,-87,c4:36:c0:e3:cc:38
8,-87,b0:26:80:d1:d8:af
8,-87,10:27:f5:e3:50:97
8,-86,84:af:ec:86:f0:70
8,-86,9e:ad:97:b9:a0:be
8,-86,b0:26:80:d1:d8:ae
8,-80,c0:25:a2:a8:01:22
8,-78,00:90:fe:f7:da:b6
8,-76,80:ea:96:f2:cc:77
8,-74,c0:06:c3:c0:b9:d3
8,-73,b0:c7:45:c9:0d:d0
8,-72,ac:44:f2:8c:e9:20
8,-71,b0:26:80:d1:cf:00
8,-71,b0:26:80:d1:cf:01
8,-67,28:ac:9e:3e:b9:a1
8,-67,28:ac:9e:3e:b9:a0
8,-67,c0:06:c3:c0:b9:d2
8,-66,d0:40:ef:f9:f0:9d
8,-60,60:84:bd:de:7c:60
8,-59,e8:4f:25:d6:0e:45
8,-58,80:ea:96:f2:cc:76
8,-54,84:af:ec:86:f0:60
8,-48,c0:25:a2:a7:2e:2a
8,-40,e8:4f:25:d3:9b:75
8,-58,60:84:bd:de:7c:67
8,-55,ac:44:f2:8c:b0:e0
8,-55,ac:44:f2:8c:e8:a8
8,-53,28:ac:9e:3e:b9:ae
8,-52,b0:26:80:d1:cf:0f
8,-52,b0:26:80:d1:cf:0e
8,-52,28:ac:9e:3e:b9:af
8,-42,c0:25:a2:a7:2e:2b
8,-42,c0:25:a2:a9:b1:4f
9,-83,1667049A-7372-C30D-89B2-B1ECA12DB046
9,-72,D59D2354-372E-EC13-7BDA-49D8735505CC
9,-41,7D1D648C-8CED-928B-3483-B164419E75B2
9,-67,5CF555D6-48CA-4ADC-9211-635182D7E387
9,-82,F0571E8D-A7BA-A618-7C1F-9B5DE0708944
9,-50,7ACF5DA2-65CB-4119-12AB-22CBA8C09B29
9,-60,CB334F59-F065-7DAB-9C2B-5A3669B0BD26
9,-75,3E0588ED-B074-0E75-CF27-8FD8719BC258
9,-60,51808EF8-2162-420F-731F-0817F82681B1
9,-70,497D108A-8000-60BF-9EC6-D425A99F01B2
9,-75,25EEE710-D922-C8EB-84FC-60C776058272
9,-98,756C2E00-2EDF-F925-AFCF-51F8DC12B3B9
9,-81,80324D1A-7A05-DCA2-D675-DF7AE48F80D0
9,-62,B29B9BDF-31B4-EFB5-9341-4823593885EA
9,-95,40234201-0248-FAD4-2893-17374C36AD8B
9,-91,E4449501-7A76-AA58-CC11-0D5292F8E06A
9,-72,402B799D-D0B5-1828-8A38-5A7872AC004C
9,-71,8BDFFC3A-CAB9-9C5A-5F90-222316CF3FB3
9,-58,91592F85-8583-F7D2-B20C-CF8314BB5E59
9,-73,BBE44E4E-3BEA-1528-EFA4-7A324456043A
9,-83,11568810-14EB-73E2-57A7-8E4F671044D2
9,-82,62AD6CB1-240F-3D43-8405-33EC8BF3D7BB
9,-70,E93AB3DA-6277-0FCF-F172-4C8891BDB8EA
9,-60,E1BEC981-F150-F7B4-9462-855BE34E0B7F
9,-66,0927D63B-9C1F-550F-2837-833C800C0015
9,-80,5FAEC74A-B372-18CD-3464-305CD379F907
9,-96,A24CC2A3-FC82-437A-DA70-A30AFA2E6483
9,-97,A2FC8BDA-C457-A078-701D-0099353B74F3
9,-72,AB7D83E5-7101-36F5-D2B4-668B2C9A7903
9,-72,0896FD2C-8A5B-89C7-99EA-A33F73198964
9,-84,FA3E01C8-BFD2-EEB6-4B65-3FE180426693
9,-98,A87224AC-4440-6421-23F3-8D88EE4F2949
9,-83,D7CE3214-813E-2313-E821-80A6ECE54CA1
9,-77,CB3FA815-792F-F093-ACFF-69B2FB6871CF
9,-85,2FD35A34-4C5E-50DD-0EC1-636D6F5D6545
9,-88,B779BA50-0B02-B6EB-F369-2E330AFC31F5
9,-88,04BAB474-320A-44CF-2E48-F6A57219ED08
9,-81,6439E5F8-45A3-2BF9-A90F-2F5412EAD07E
9,-83,E454F94D-9C6E-ECA1-85D2-014317A7A8E9
9,-71,014E3480-8DCF-32C5-FB83-0FE3F9E647A1
9,-91,249C181E-96E7-D024-AD18-CEC7BE3C93E9
9,-83,9A5F8A1B-3BD7-0A1B-99CE-D4B805F0FA27
9,-80,8A50F6B1-3DB1-A85A-6ED9-343168E5E515
9,-72,10E79AFE-4E98-6854-65EF-3E2C2D93DC46
9,-67,A1ED206E-338C-46F5-A589-35FC4E56E4FA
9,-78,1A6F6B1A-5B42-9260-9384-259F81E6E89C
9,-70,A1444613-FD08-5AB4-70DE-F1C849A324D5
9,-70,B43A23A2-9E71-C6E8-E077-47C1867CA41C
9,-64,2E69403D-0597-EAD1-3A45-239969C651B6
9,-43,DCB25614-9ADE-B1F7-5069-BE3843A94AC7
9,-103,d0:4f:58:52:f8:71
9,-90,c0:25:a2:a8:01:23
9,-88,c4:36:c0:e3:cc:3f
9,-88,b0:26:80:d1:d8:ae
9,-88,b0:c7:45:c9:0d:d5
9,-88,84:af:ec:a7:f2:b4
9,-87,c4:36:c0:e3:cc:3e
9,-87,c4:36:c0:e3:cc:38
9,-87,b0:26:80:d1:d8:af
9,-86,10:27:f5:e3:50:97
9,-85,84:af:ec:86:f0:70
9,-80,80:ea:96:f2:cc:77
9,-78,00:90:fe:f7:da:b6
9,-74,b0:c7:45:c9:0d:d0
9,-74,c0:06:c3:c0:b9:d3
9,-73,ac:44:f2:8c:e9:20
9,-71,c4:36:c0:e3:cc:30
9,-70,16:27:f5:e3:50:96
9,-69,c0:06:c3:c0:b9:d2
9,-67,28:ac:9e:3e:b9:a1
9,-67,28:ac:9e:3e:b9:a0
9,-60,e8:4f:25:d6:0e:45
9,-58,80:ea:96:f2:cc:76
9,-56,60:84:bd:de:7c:60
9,-54,84:af:ec:86:f0:60
9,-39,e8:4f:25:d3:9b:75
9,-39,c0:25:a2:a7:2e:2a
9,-57,60:84:bd:de:7c:67
9,-57,ac:44:f2:8c:b0:e0
9,-56,ac:44:f2:8c:e8:a8
9,-53,b0:26:80:d1:cf:0f
9,-53,b0:26:80:d1:cf:0e
9,-52,28:ac:9e:3e:b9:ae
9,-52,28:ac:9e:3e:b9:af
9,-44,c0:25:a2:a7:2e:2b
9,-43,c0:25:a2:a9:b1:4f
10,-43,7D1D648C-8CED-928B-3483-B164419E75B2
10,-81,5CF555D6-48CA-4ADC-9211-635182D7E387
10,-71,10E79AFE-4E98-6854-65EF-3E2C2D93DC46
10,-92,E454F94D-9C6E-ECA1-85D2-014317A7A8E9
10,-84,9A5F8A1B-3BD7-0A1B-99CE-D4B805F0FA27
10,-57,51808EF8-2162-420F-731F-0817F82681B1
10,-74,BBE44E4E-3BEA-1528-EFA4-7A324456043A
10,-84,1A6F6B1A-5B42-9260-9384-259F81E6E89C
10,-68,497D108A-8000-60BF-9EC6-D425A99F01B2
10,-81,F0571E8D-A7BA-A618-7C1F-9B5DE0708944
10,-81,3E0588ED-B074-0E75-CF27-8FD8719BC258
10,-72,AB7D83E5-7101-36F5-D2B4-668B2C9A7903
10,-70,A1444613-FD08-5AB4-70DE-F1C849A324D5
10,-84,11568810-14EB-73E2-57A7-8E4F671044D2
10,-88,B779BA50-0B02-B6EB-F369-2E330AFC31F5
10,-59,91592F85-8583-F7D2-B20C-CF8314BB5E59
10,-83,1667049A-7372-C30D-89B2-B1ECA12DB046
10,-59,CB334F59-F065-7DAB-9C2B-5A3669B0BD26
10,-96,E4449501-7A76-AA58-CC11-0D5292F8E06A
10,-98,B7D877B4-8EBF-A152-4CB3-42721417111E
10,-74,A1ED206E-338C-46F5-A589-35FC4E56E4FA
10,-71,8A50F6B1-3DB1-A85A-6ED9-343168E5E515
10,-66,8FA76E7C-0AA3-26FE-21C4-58CDEED4E8E9
10,-47,7ACF5DA2-65CB-4119-12AB-22CBA8C09B29
10,-66,0927D63B-9C1F-550F-2837-833C800C0015
10,-81,2E69403D-0597-EAD1-3A45-239969C651B6
10,-73,5FAEC74A-B372-18CD-3464-305CD379F907
10,-79,CEEB922A-7DDE-46D0-CDC8-E7CDA8BD08A2
10,-85,CB3FA815-792F-F093-ACFF-69B2FB6871CF
10,-72,FA1B5EB7-9854-EF57-0011-9DAF510B3836
10,-76,8BDFFC3A-CAB9-9C5A-5F90-222316CF3FB3
10,-62,6439E5F8-45A3-2BF9-A90F-2F5412EAD07E
10,-70,80324D1A-7A05-DCA2-D675-DF7AE48F80D0
10,-50,13611532-E963-EE25-A8B6-448A5F64C501
10,-70,D59D2354-372E-EC13-7BDA-49D8735505CC
10,-87,04BAB474-320A-44CF-2E48-F6A57219ED08
10,-82,62AD6CB1-240F-3D43-8405-33EC8BF3D7BB
10,-70,99FC17B2-BBDE-A56A-E241-2F789956D915
10,-68,B43A23A2-9E71-C6E8-E077-47C1867CA41C
10,-72,0896FD2C-8A5B-89C7-99EA-A33F73198964
10,-97,756C2E00-2EDF-F925-AFCF-51F8DC12B3B9
10,-92,00:1d:73:f8:87:60
10,-90,c0:25:a2:a8:01:23
10,-89,b0:c7:45:c9:0d:d5
10,-88,c4:36:c0:e3:cc:3e
10,-87,28:ac:9e:3e:b1:80
10,-87,c4:36:c0:e3:cc:3f
10,-87,c4:36:c0:e3:cc:38
10,-87,84:af:ec:a7:f2:b4
10,-86,84:af:ec:86:f0:70
10,-86,b0:26:80:d1:d8:ae
10,-86,b0:26:80:d1:d8:af
10,-86,10:27:f5:e3:50:97
10,-77,80:ea:96:f2:cc:77
10,-75,c0:06:c3:c0:b9:d3
10,-72,16:27:f5:e3:50:96
10,-72,b0:c7:45:c9:0d:d0
10,-71,c4:36:c0:e3:cc:30
10,-71,ac:44:f2:8c:e9:20
10,-69,c0:06:c3:c0:b9:d2
10,-67,28:ac:9e:3e:b9:a1
10,-67,e8:4f:25:d6:0e:45
10,-64,28:ac:9e:3e:b9:a0
10,-58,80:ea:96:f2:cc:76
10,-57,60:84:bd:de:7c:60
10,-52,84:af:ec:86:f0:60
10,-40,c0:25:a2:a7:2e:2a
10,-39,e8:4f:25:d3:9b:75
10,-57,60:84:bd:de:7c:67
10,-56,ac:44:f2:8c:b0:e0
10,-56,ac:44:f2:8c:e8:a8
10,-53,b0:26:80:d1:cf:0f
10,-53,b0:26:80:d1:cf:0e
10,-52,28:ac:9e:3e:b9:af
10,-51,28:ac:9e:3e:b9:ae
10,-45,c0:25:a2:a7:2e:2b
10,-43,c0:25:a2:a9:b1:4f
11,-76,B29B9BDF-31B4-EFB5-9341-4823593885EA
11,-86,1A6F6B1A-5B42-9260-9384-259F81E6E89C
11,-93,37F37E93-8C04-5804-5DFD-54A6AA9A6F80
11,-74,AB7D83E5-7101-36F5-D2B4-668B2C9A7903
11,-43,DCB25614-9ADE-B1F7-5069-BE3843A94AC7
11,-41,7D1D648C-8CED-928B-3483-B164419E75B2
11,-72,497D108A-8000-60BF-9EC6-D425A99F01B2
11,-72,8BDFFC3A-CAB9-9C5A-5F90-222316CF3FB3
11,-96,8F5A1854-105C-1C14-654A-C41A11D30A12
11,-76,5FAEC74A-B372-18CD-3464-305CD379F907
11,-83,1667049A-7372-C30D-89B2-B1ECA12DB046
11,-69,B43A23A2-9E71-C6E8-E077-47C1867CA41C
11,-81,F0571E8D-A7BA-A618-7C1F-9B5DE0708944
11,-47,7ACF5DA2-65CB-4119-12AB-22CBA8C09B29
11,-65,BBE44E4E-3BEA-1528-EFA4-7A324456043A
11,-48,5CF555D6-48CA-4ADC-9211-635182D7E387
11,-72,0896FD2C-8A5B-89C7-99EA-A33F73198964
11,-91,689CA3C7-F6AD-F0E3-FB12-028F237A817D
11,-59,51808EF8-2162-420F-731F-0817F82681B1
11,-101,FE156ECF-94AA-C7AE-6986-433F101573A6
11,-90,67FFA22E-F2BD-3665-AD1C-2ABCEC892E3B
11,-70,0927D63B-9C1F-550F-2837-833C800C0015
11,-68,E1BEC981-F150-F7B4-9462-855BE34E0B7F
11,-93,E4449501-7A76-AA58-CC11-0D5292F8E06A
11,-78,A1ED206E-338C-46F5-A589-35FC4E56E4FA
11,-82,80324D1A-7A05-DCA2-D675-DF7AE48F80D0
11,-95,CB3FA815-792F-F093-ACFF-69B2FB6871CF
11,-63,2E69403D-0597-EAD1-3A45-239969C651B6
11,-72,CEEB922A-7DDE-46D0-CDC8-E7CDA8BD08A2
11,-76,9F78548A-9526-975D-5327-2C4E18955E6B
11,-48,13611532-E963-EE25-A8B6-448A5F64C501
11,-75,10E79AFE-4E98-6854-65EF-3E2C2D93DC46
11,-88,A2FC8BDA-C457-A078-701D-0099353B74F3
11,-74,3E0588ED-B074-0E75-CF27-8FD8719BC258
11,-64,FA1B5EB7-9854-EF57-0011-9DAF510B3836
11,-71,99FC17B2-BBDE-A56A-E241-2F789956D915
11,-90,04BAB474-320A-44CF-2E48-F6A57219ED08
11,-74,D59D2354-372E-EC13-7BDA-49D8735505CC
11,-91,E454F94D-9C6E-ECA1-85D2-014317A7A8E9
11,-97,B779BA50-0B02-B6EB-F369-2E330AFC31F5
11,-79,25EEE710-D922-C8EB-84FC-60C776058272
11,-63,E93AB3DA-6277-0FCF-F172-4C8891BDB8EA
11,-75,8A50F6B1-3DB1-A85A-6ED9-343168E5E515
11,-58,91592F85-8583-F7D2-B20C-CF8314BB5E59
11,-84,9A5F8A1B-3BD7-0A1B-99CE-D4B805F0FA27
11,-69,A8B90212-933E-55E6-900F-3061F77A9AA2
11,-95,40234201-0248-FAD4-2893-17374C36AD8B
11,-79,C1585FD6-BAD0-9CC9-A0DD-D6A5137C7C97
11,-94,A24CC2A3-FC82-437A-DA70-A30AFA2E6483
11,-93,28:ac:9e:3e:b1:8f
11,-92,00:1d:73:f8:87:60
11,-90,c0:25:a2:a8:01:23
11,-89,b0:c7:45:c9:0d:d5
11,-88,b0:26:80:d1:d8:ae
11,-87,28:ac:9e:3e:b1:80
11,-87,c4:36:c0:e3:cc:38
11,-87,b0:26:80:d1:d8:af
11,-87,10:27:f5:e3:50:97
11,-86,84:af:ec:86:f0:70
11,-86,c4:36:c0:e3:cc:3f
11,-86,c4:36:c0:e3:cc:3e
11,-86,84:af:ec:a7:f2:b4
11,-85,4c:32:75:c6:d3:a4
11,-77,80:ea:96:f2:cc:77
11,-75,c0:06:c3:c0:b9:d3
11,-73,ac:44:f2:8c:e9:20
11,-72,16:27:f5:e3:50:96
11,-71,c4:36:c0:e3:cc:30
11,-71,b0:c7:45:c9:0d:d0
11,-70,b0:26:80:d1:cf:01
11,-69,b0:26:80:d1:cf:00
11,-69,c0:06:c3:c0:b9:d2
11,-66,28:ac:9e:3e:b9:a0
11,-65,28:ac:9e:3e:b9:a1
11,-64,d0:40:ef:f9:f0:9d
11,-60,e8:4f:25:d6:0e:45
11,-58,80:ea:96:f2:cc:76
11,-57,60:84:bd:de:7c:60
11,-52,84:af:ec:86:f0:60
11,-48,c0:25:a2:a7:2e:2a
11,-39,e8:4f:25:d3:9b:75
11,-57,60:84:bd:de:7c:67
11,-57,ac:44:f2:8c:b0:e0
11,-55,ac:44:f2:8c:e8:a8
11,-54,b0:26:80:d1:cf:0f
11,-54,b0:26:80:d1:cf:0e
11,-51,28:ac:9e:3e:b9:ae
11,-51,28:ac:9e:3e:b9:af
11,-44,c0:25:a2:a7:2e:2b
11,-41,c0:25:a2:a9:b1:4f
12,-68,5CF555D6-48CA-4ADC-9211-635182D7E387
12,-73,25EEE710-D922-C8EB-84FC-60C776058272
12,-73,5FAEC74A-B372-18CD-3464-305CD379F907
12,-71,D59D2354-372E-EC13-7BDA-49D8735505CC
12,-84,80324D1A-7A05-DCA2-D675-DF7AE48F80D0
12,-80,BBE44E4E-3BEA-1528-EFA4-7A324456043A
12,-94,F21D8594-4FF2-A6F4-A7CA-32C757E60BB2
12,-60,51808EF8-2162-420F-731F-0817F82681B1
12,-84,9A5F8A1B-3BD7-0A1B-99CE-D4B805F0FA27
12,-84,497D108A-8000-60BF-9EC6-D425A99F01B2
12,-81,B29B9BDF-31B4-EFB5-9341-4823593885EA
12,-92,E454F94D-9C6E-ECA1-85D2-014317A7A8E9
12,-56,91592F85-8583-F7D2-B20C-CF8314BB5E59
12,-70,9F78548A-9526-975D-5327-2C4E18955E6B
12,-79,B43A23A2-9E71-C6E8-E077-47C1867CA41C
12,-80,FA3E01C8-BFD2-EEB6-4B65-3FE180426693
12,-49,7ACF5DA2-65CB-4119-12AB-22CBA8C09B29
12,-82,A1444613-FD08-5AB4-70DE-F1C849A324D5
12,-88,2FD35A34-4C5E-50DD-0EC1-636D6F5D6545
12,-87,147905E6-DBA6-4729-80D1-0954BF3C2835
12,-62,8A50F6B1-3DB1-A85A-6ED9-343168E5E515
12,-85,1667049A-7372-C30D-89B2-B1ECA12DB046
12,-80,10E79AFE-4E98-6854-65EF-3E2C2D93DC46
12,-83,CB3FA815-792F-F093-ACFF-69B2FB6871CF
12,-68,0927D63B-9C1F-550F-2837-833C800C0015
12,-75,C1585FD6-BAD0-9CC9-A0DD-D6A5137C7C97
12,-48,13611532-E963-EE25-A8B6-448A5F64C501
12,-62,CEEB922A-7DDE-46D0-CDC8-E7CDA8BD08A2
12,-79,62AD6CB1-240F-3D43-8405-33EC8BF3D7BB
12,-79,E93AB3DA-6277-0FCF-F172-4C8891BDB8EA
12,-76,0896FD2C-8A5B-89C7-99EA-A33F73198964
12,-71,8BDFFC3A-CAB9-9C5A-5F90-222316CF3FB3
12,-97,A24CC2A3-FC82-437A-DA70-A30AFA2E6483
12,-57,CB334F59-F065-7DAB-9C2B-5A3669B0BD26
12,-72,E1BEC981-F150-F7B4-9462-855BE34E0B7F
12,-79,3E0588ED-B074-0E75-CF27-8FD8719BC258
12,-95,E4449501-7A76-AA58-CC11-0D5292F8E06A
12,-93,FE156ECF-94AA-C7AE-6986-433F101573A6
12,-93,249C181E-96E7-D024-AD18-CEC7BE3C93E9
12,-63,6439E5F8-45A3-2BF9-A90F-2F5412EAD07E
12,-72,99FC17B2-BBDE-A56A-E241-2F789956D915
12,-73,AB7D83E5-7101-36F5-D2B4-668B2C9A7903
12,-84,11568810-14EB-73E2-57A7-8E4F671044D2
12,-100,AF3BF79E-D90C-914D-A5A2-59CA303B2846
12,-67,FA1B5EB7-9854-EF57-0011-9DAF510B3836
12,-90,04BAB474-320A-44CF-2E48-F6A57219ED08
12,-76,D7CE3214-813E-2313-E821-80A6ECE54CA1
12,-82,CF8CD542-9487-2D8C-1F4E-43B4A756C17F
12,-76,1A6F6B1A-5B42-9260-9384-259F81E6E89C
12,-89,B779BA50-0B02-B6EB-F369-2E330AFC31F5
12,-93,28:ac:9e:3e:b1:8f
12,-92,00:24:a5:7b:aa:30
12,-92,00:1d:73:f8:87:60
12,-89,b0:c7:45:c9:0d:d5
12,-88,00:24:a5:7b:b2:80
12,-87,28:ac:9e:3e:b1:80
12,-87,c4:36:c0:e3:cc:3f
12,-87,c4:36:c0:e3:cc:3e
12,-87,c4:36:c0:e3:cc:38
12,-87,10:27:f5:e3:50:97
12,-86,84:af:ec:86:f0:70
12,-86,b0:26:80:d1:d8:ae
12,-86,b0:26:80:d1:d8:af
12,-86,84:af:ec:a7:f2:b4
12,-85,4c:32:75:c6:d3:a4
12,-76,c0:06:c3:c0:b9:d3
12,-76,80:ea:96:f2:cc:77
12,-73,ac:44:f2:8c:e9:20
12,-72,16:27:f5:e3:50:96
12,-72,b0:c7:45:c9:0d:d0
12,-70,b0:26:80:d1:cf:01
12,-69,b0:26:80:d1:cf:00
12,-65,28:ac:9e:3e:b9:a1
12,-65,c0:06:c3:c0:b9:d2
12,-64,d0:40:ef:f9:f0:9d
12,-63,28:ac:9e:3e:b9:a0
12,-61,84:af:ec:86:f0:60
12,-59,e8:4f:25:d6:0e:45
12,-58,80:ea:96:f2:cc:76
12,-57,60:84:bd:de:7c:60
12,-46,c0:25:a2:a7:2e:2a
12,-39,e8:4f:25:d3:9b:75
12,-57,60:84:bd:de:7c:67
12,-56,ac:44:f2:8c:b0:e0
12,-55,ac:44:f2:8c:e8:a8
12,-53,b0:26:80:d1:cf:0e
12,-52,b0:26:80:d1:cf:0f
12,-52,28:ac:9e:3e:b9:ae
12,-52,28:ac:9e:3e:b9:af
12,-43,c0:25:a2:a7:2e:2b
12,-43,c0:25:a2:a9:b1:4f
13,-79,A1ED206E-338C-46F5-A589-35FC4E56E4FA
13,-71,014E3480-8DCF-32C5-FB83-0FE3F9E647A1
13,-74,C1585FD6-BAD0-9CC9-A0DD-D6A5137C7C97
13,-79,AB7D83E5-7101-36F5-D2B4-668B2C9A7903
13,-74,0896FD2C-8A5B-89C7-99EA-A33F73198964
13,-70,8A50F6B1-3DB1-A85A-6ED9-343168E5E515
13,-84,1667049A-7372-C30D-89B2-B1ECA12DB046
13,-64,497D108A-8000-60BF-9EC6-D425A99F01B2
13,-50,7ACF5DA2-65CB-4119-12AB-22CBA8C09B29
13,-73,D59D2354-372E-EC13-7BDA-49D8735505CC
13,-43,7D1D648C-8CED-928B-3483-B164419E75B2
13,-64,B29B9BDF-31B4-EFB5-9341-4823593885EA
13,-83,9A5F8A1B-3BD7-0A1B-99CE-D4B805F0FA27
13,-82,3E0588ED-B074-0E75-CF27-8FD8719BC258
13,-61,ACE72ECA-09A9-EAC6-1AF2-2E76BF660E4E
13,-88,B779BA50-0B02-B6EB-F369-2E330AFC31F5
13,-59,91592F85-8583-F7D2-B20C-CF8314BB5E59
13,-51,5CF555D6-48CA-4ADC-9211-635182D7E387
13,-74,9F78548A-9526-975D-5327-2C4E18955E6B
13,-91,88FB6197-8818-1B42-7D06-78F5B783097B
13,-68,B43A23A2-9E71-C6E8-E077-47C1867CA41C
13,-93,80324D1A-7A05-DCA2-D675-DF7AE48F80D0
13,-70,0927D63B-9C1F-550F-2837-833C800C0015
13,-73,25EEE710-D922-C8EB-84FC-60C776058272
13,-58,51808EF8-2162-420F-731F-0817F82681B1
13,-97,756C2E00-2EDF-F925-AFCF-51F8DC12B3B9
13,-81,F0571E8D-A7BA-A618-7C1F-9B5DE0708944
13,-59,13611532-E963-EE25-A8B6-448A5F64C501
13,-60,CB334F59-F065-7DAB-9C2B-5A3669B0BD26
13,-69,E1BEC981-F150-F7B4-9462-855BE34E0B7F
13,-86,CB3FA815-792F-F093-ACFF-69B2FB6871CF
13,-43,DCB25614-9ADE-B1F7-5069-BE3843A94AC7
13,-56,CEEB922A-7DDE-46D0-CDC8-E7CDA8BD08A2
13,-87,99FC17B2-BBDE-A56A-E241-2F789956D915
13,-80,6439E5F8-45A3-2BF9-A90F-2F5412EAD07E
13,-74,FA1B5EB7-9854-EF57-0011-9DAF510B3836
13,-71,6A24D35D-35ED-06B5-B39A-EAD4365222EA
13,-96,A87224AC-4440-6421-23F3-8D88EE4F2949
13,-83,8792153E-FDDA-84CC-BD7D-C8C6193F29A0
13,-97,5D513F40-4026-8A54-9A29-53EF657C550A
13,-70,A1444613-FD08-5AB4-70DE-F1C849A324D5
13,-72,10E79AFE-4E98-6854-65EF-3E2C2D93DC46
13,-82,BBE44E4E-3BEA-1528-EFA4-7A324456043A
13,-86,1A6F6B1A-5B42-9260-9384-259F81E6E89C
13,-92,04BAB474-320A-44CF-2E48-F6A57219ED08
13,-90,CF8CD542-9487-2D8C-1F4E-43B4A756C17F
13,-76,8BDFFC3A-CAB9-9C5A-5F90-222316CF3FB3
13,-94,67FFA22E-F2BD-3665-AD1C-2ABCEC892E3B
13,-93,28:ac:9e:3e:b1:8f
13,-92,00:24:a5:7b:aa:30
13,-89,b0:c7:45:c9:0d:d5
13,-88,00:24:a5:7b:b2:80
13,-87,28:ac:9e:3e:b1:80
13,-87,c4:36:c0:e3:cc:3f
13,-87,b0:26:80:d1:d8:ae
13,-87,10:27:f5:e3:50:97
13,-86,c4:36:c0:e3:cc:3e
13,-86,c4:36:c0:e3:cc:38
13,-86,b0:26:80:d1:d8:af
13,-85,4c:32:75:c6:d3:a4
13,-85,84:af:ec:a7:f2:b4
13,-78,00:90:fe:f7:da:b4
13,-77,80:ea:96:f2:cc:77
13,-76,c0:06:c3:c0:b9:d3
13,-73,ac:44:f2:8c:e9:20
13,-72,b0:c7:45:c9:0d:d0
13,-70,b0:26:80:d1:cf:01
13,-69,b0:26:80:d1:cf:00
13,-64,d0:40:ef:f9:f0:9d
13,-63,28:ac:9e:3e:b9:a0
13,-63,e8:4f:25:d6:0e:45
13,-61,84:af:ec:86:f0:60
13,-59,28:ac:9e:3e:b9:a1
13,-58,60:84:bd:de:7c:60
13,-57,80:ea:96:f2:cc:76
13,-46,c0:25:a2:a7:2e:2a
13,-42,c0:06:c3:c0:b9:d2
13,-39,e8:4f:25:d3:9b:75
13,-57,60:84:bd:de:7c:67
13,-57,ac:44:f2:8c:b0:e0
13,-56,ac:44:f2:8c:e8:a8
13,-54,b0:26:80:d1:cf:0f
13,-54,b0:26:80:d1:cf:0e
13,-51,28:ac:9e:3e:b9:ae
13,-51,28:ac:9e:3e:b9:af
13,-43,c0:25:a2:a7:2e:2b
13,-43,c0:25:a2:a9:b1:4f
14,-58,5CF555D6-48CA-4ADC-9211-635182D7E387
14,-83,11568810-14EB-73E2-57A7-8E4F671044D2
14,-69,3E0588ED-B074-0E75-CF27-8FD8719BC258
14,-72,A1ED206E-338C-46F5-A589-35FC4E56E4FA
14,-84,80324D1A-7A05-DCA2-D675-DF7AE48F80D0
14,-71,8BDFFC3A-CAB9-9C5A-5F90-222316CF3FB3
14,-60,91592F85-8583-F7D2-B20C-CF8314BB5E59
14,-69,99FC17B2-BBDE-A56A-E241-2F789956D915
14,-72,10E79AFE-4E98-6854-65EF-3E2C2D93DC46
14,-75,BBE44E4E-3BEA-1528-EFA4-7A324456043A
14,-69,8A50F6B1-3DB1-A85A-6ED9-343168E5E515
14,-90,1A6F6B1A-5B42-9260-9384-259F81E6E89C
14,-64,B29B9BDF-31B4-EFB5-9341-4823593885EA
14,-61,FA1B5EB7-9854-EF57-0011-9DAF510B3836
14,-86,04BAB474-320A-44CF-2E48-F6A57219ED08
14,-47,7ACF5DA2-65CB-4119-12AB-22CBA8C09B29
14,-73,2E69403D-0597-EAD1-3A45-239969C651B6
14,-88,EC8DCE43-DC6A-E4ED-F9BC-72AFA2076DEE
14,-51,CEEB922A-7DDE-46D0-CDC8-E7CDA8BD08A2
14,-83,5FAEC74A-B372-18CD-3464-305CD379F907
14,-63,51808EF8-2162-420F-731F-0817F82681B1
14,-78,C1585FD6-BAD0-9CC9-A0DD-D6A5137C7C97
14,-93,E4449501-7A76-AA58-CC11-0D5292F8E06A
14,-94,A87224AC-4440-6421-23F3-8D88EE4F2949
14,-91,FE156ECF-94AA-C7AE-6986-433F101573A6
14,-71,B43A23A2-9E71-C6E8-E077-47C1867CA41C
14,-95,2EAED031-3590-344B-C4A8-89837A4F7FD1
14,-60,CB334F59-F065-7DAB-9C2B-5A3669B0BD26
14,-89,B779BA50-0B02-B6EB-F369-2E330AFC31F5
14,-65,6439E5F8-45A3-2BF9-A90F-2F5412EAD07E
14,-82,CF8CD542-9487-2D8C-1F4E-43B4A756C17F
14,-82,9A5F8A1B-3BD7-0A1B-99CE-D4B805F0FA27
14,-72,D59D2354-372E-EC13-7BDA-49D8735505CC
14,-42,7D1D648C-8CED-928B-3483-B164419E75B2
14,-87,1667049A-7372-C30D-89B2-B1ECA12DB046
14,-76,AB7D83E5-7101-36F5-D2B4-668B2C9A7903
14,-93,9F78548A-9526-975D-5327-2C4E18955E6B
14,-69,E1BEC981-F150-F7B4-9462-855BE34E0B7F
14,-76,62AD6CB1-240F-3D43-8405-33EC8BF3D7BB
14,-69,0927D63B-9C1F-550F-2837-833C800C0015
14,-52,13611532-E963-EE25-A8B6-448A5F64C501
14,-78,CB3FA815-792F-F093-ACFF-69B2FB6871CF
14,-93,56FD416A-9251-4EA0-5301-2771D60880D3
14,-81,25EEE710-D922-C8EB-84FC-60C776058272
14,-92,00:24:a5:7b:aa:30
14,-88,00:24:a5:7b:b2:80
14,-88,b0:c7:45:c9:0d:d5
14,-87,28:ac:9e:3e:b1:80
14,-87,c4:36:c0:e3:cc:3f
14,-87,c4:36:c0:e3:cc:3e
14,-87,c4:36:c0:e3:cc:38
14,-87,84:af:ec:a7:f2:b4
14,-87,10:27:f5:e3:50:97
14,-86,b0:26:80:d1:d8:ae
14,-86,b0:26:80:d1:d8:af
14,-81,b0:26:80:d1:d8:a0
14,-78,00:90:fe:f7:da:b4
14,-76,c0:06:c3:c0:b9:d3
14,-76,80:ea:96:f2:cc:77
14,-74,ac:44:f2:8c:e9:20
14,-72,b0:c7:45:c9:0d:d0
14,-67,b0:26:80:d1:cf:00
14,-64,c0:06:c3:c0:b9:d2
14,-61,84:af:ec:86:f0:60
14,-61,e8:4f:25:d6:0e:45
14,-58,28:ac:9e:3e:b9:a1
14,-58,80:ea:96:f2:cc:76
14,-57,28:ac:9e:3e:b9:a0
14,-57,60:84:bd:de:7c:60
14,-45,c0:25:a2:a7:2e:2a
14,-39,e8:4f:25:d3:9b:75
14,-58,60:84:bd:de:7c:67
14,-57,ac:44:f2:8c:b0:e0
14,-55,ac:44:f2:8c:e8:a8
14,-54,b0:26:80:d1:cf:0e
14,-53,b0:26:80:d1:cf:0f
14,-52,28:ac:9e:3e:b9:ae
14,-51,28:ac:9e:3e:b9:af
14,-44,c0:25:a2:a7:2e:2b
14,-44,c0:25:a2:a9:b1:4f
15,-80,62AD6CB1-240F-3D43-8405-33EC8BF3D7BB
15,-94,2EAED031-3590-344B-C4A8-89837A4F7FD1
15,-75,B43A23A2-9E71-C6E8-E077-47C1867CA41C
15,-83,9A5F8A1B-3BD7-0A1B-99CE-D4B805F0FA27
15,-69,99FC17B2-BBDE-A56A-E241-2F789956D915
15,-53,91592F85-8583-F7D2-B20C-CF8314BB5E59
15,-63,FA1B5EB7-9854-EF57-0011-9DAF510B3836
15,-85,80324D1A-7A05-DCA2-D675-DF7AE48F80D0
15,-56,51808EF8-2162-420F-731F-0817F82681B1
15,-72,A1ED206E-338C-46F5-A589-35FC4E56E4FA
15,-73,AB7D83E5-7101-36F5-D2B4-668B2C9A7903
15,-83,11568810-14EB-73E2-57A7-8E4F671044D2
15,-58,5CF555D6-48CA-4ADC-9211-635182D7E387
15,-87,1A6F6B1A-5B42-9260-9384-259F81E6E89C
15,-81,77E25248-68BD-55D5-353C-70A9B5BC4147
15,-85,E454F94D-9C6E-ECA1-85D2-014317A7A8E9
15,-90,249C181E-96E7-D024-AD18-CEC7BE3C93E9
15,-82,A1444613-FD08-5AB4-70DE-F1C849A324D5
15,-72,3E0588ED-B074-0E75-CF27-8FD8719BC258
15,-75,EC8DCE43-DC6A-E4ED-F9BC-72AFA2076DEE
15,-73,19EAFB13-EA93-23E9-E6C0-655693DBECAA
15,-84,25EEE710-D922-C8EB-84FC-60C776058272
15,-48,7ACF5DA2-65CB-4119-12AB-22CBA8C09B29
15,-45,7D1D648C-8CED-928B-3483-B164419E75B2
15,-73,10E79AFE-4E98-6854-65EF-3E2C2D93DC46
15,-57,CEEB922A-7DDE-46D0-CDC8-E7CDA8BD08A2
15,-75,8BDFFC3A-CAB9-9C5A-5F90-222316CF3FB3
15,-96,4595A0A1-833D-74BD-EB56-11903B509213
15,-84,1667049A-7372-C30D-89B2-B1ECA12DB046
15,-65,2E69403D-0597-EAD1-3A45-239969C651B6
15,-64,13611532-E963-EE25-A8B6-448A5F64C501
15,-78,5FAEC74A-B372-18CD-3464-305CD379F907
15,-87,D7CE3214-813E-2313-E821-80A6ECE54CA1
15,-85,CB3FA815-792F-F093-ACFF-69B2FB6871CF
15,-83,F0571E8D-A7BA-A618-7C1F-9B5DE0708944
15,-87,2FD35A34-4C5E-50DD-0EC1-636D6F5D6545
15,-67,A8B90212-933E-55E6-900F-3061F77A9AA2
15,-70,014E3480-8DCF-32C5-FB83-0FE3F9E647A1
15,-79,0896FD2C-8A5B-89C7-99EA-A33F73198964
15,-70,8FA76E7C-0AA3-26FE-21C4-58CDEED4E8E9
15,-96,40234201-0248-FAD4-2893-17374C36AD8B
15,-55,CB334F59-F065-7DAB-9C2B-5A3669B0BD26
15,-87,04BAB474-320A-44CF-2E48-F6A57219ED08
15,-75,BBE44E4E-3BEA-1528-EFA4-7A324456043A
15,-74,ACE72ECA-09A9-EAC6-1AF2-2E76BF660E4E
15,-88,CF8CD542-9487-2D8C-1F4E-43B4A756C17F
15,-72,6439E5F8-45A3-2BF9-A90F-2F5412EAD07E
15,-74,497D108A-8000-60BF-9EC6-D425A99F01B2
15,-88,c4:36:c0:e3:cc:38
15,-88,10:27:f5:e3:50:97
15,-87,c4:36:c0:e3:cc:3f
15,-87,c4:36:c0:e3:cc:3e
15,-87,b0:c7:45:c9:0d:d5
15,-86,84:af:ec:86:f0:70
15,-86,b0:26:80:d1:d8:ae
15,-86,84:af:ec:a7:f2:b4
15,-85,b0:26:80:d1:d8:af
15,-83,c0:25:a2:a8:01:22
15,-81,b0:26:80:d1:d8:a0
15,-78,00:90:fe:f7:da:b4
15,-77,80:ea:96:f2:cc:77
15,-76,c0:06:c3:c0:b9:d3
15,-72,b0:c7:45:c9:0d:d0
15,-72,ac:44:f2:8c:e9:20
15,-67,b0:26:80:d1:cf:00
15,-65,d0:40:ef:f9:f0:9d
15,-65,c0:06:c3:c0:b9:d2
15,-62,e8:4f:25:d6:0e:45
15,-58,28:ac:9e:3e:b9:a1
15,-58,28:ac:9e:3e:b9:a0
15,-57,80:ea:96:f2:cc:76
15,-56,60:84:bd:de:7c:60
15,-45,c0:25:a2:a7:2e:2a
15,-39,e8:4f:25:d3:9b:75
15,-58,ac:44:f2:8c:b0:e0
15,-57,60:84:bd:de:7c:67
15,-55,ac:44:f2:8c:e8:a8
15,-53,b0:26:80:d1:cf:0e
15,-52,b0:26:80:d1:cf:0f
15,-51,28:ac:9e:3e:b9:ae
15,-51,28:ac:9e:3e:b9:af
15,-43,c0:25:a2:a7:2e:2b
15,-43,c0:25:a2:a9:b1:4f
16,-95,756C2E00-2EDF-F925-AFCF-51F8DC12B3B9
16,-71,3E0588ED-B074-0E75-CF27-8FD8719BC258
16,-65,BBE44E4E-3BEA-1528-EFA4-7A324456043A
16,-84,1667049A-7372-C30D-89B2-B1ECA12DB046
16,-84,A1444613-FD08-5AB4-70DE-F1C849A324D5
16,-80,497D108A-8000-60BF-9EC6-D425A99F01B2
16,-85,9A5F8A1B-3BD7-0A1B-99CE-D4B805F0FA27
16,-73,2E69403D-0597-EAD1-3A45-239969C651B6
16,-78,D59D2354-372E-EC13-7BDA-49D8735505CC
16,-64,91592F85-8583-F7D2-B20C-CF8314BB5E59
16,-58,51808EF8-2162-420F-731F-0817F82681B1
16,-89,6439E5F8-45A3-2BF9-A90F-2F5412EAD07E
16,-74,B29B9BDF-31B4-EFB5-9341-4823593885EA
16,-68,8A50F6B1-3DB1-A85A-6ED9-343168E5E515
16,-92,7390391D-AA27-8830-875B-FDA1FE16BA66
16,-40,7D1D648C-8CED-928B-3483-B164419E75B2
16,-59,CEEB922A-7DDE-46D0-CDC8-E7CDA8BD08A2
16,-71,80324D1A-7A05-DCA2-D675-DF7AE48F80D0
16,-56,7ACF5DA2-65CB-4119-12AB-22CBA8C09B29
16,-66,E1BEC981-F150-F7B4-9462-855BE34E0B7F
16,-73,10E79AFE-4E98-6854-65EF-3E2C2D93DC46
16,-72,5FAEC74A-B372-18CD-3464-305CD379F907
16,-75,A1ED206E-338C-46F5-A589-35FC4E56E4FA
16,-76,8BDFFC3A-CAB9-9C5A-5F90-222316CF3FB3
16,-55,CB334F59-F065-7DAB-9C2B-5A3669B0BD26
16,-49,5CF555D6-48CA-4ADC-9211-635182D7E387
16,-73,0896FD2C-8A5B-89C7-99EA-A33F73198964
16,-95,A87224AC-4440-6421-23F3-8D88EE4F2949
16,-81,CB3FA815-792F-F093-ACFF-69B2FB6871CF
16,-90,249C181E-96E7-D024-AD18-CEC7BE3C93E9
16,-97,2EAED031-3590-344B-C4A8-89837A4F7FD1
16,-97,FE156ECF-94AA-C7AE-6986-433F101573A6
16,-94,E4449501-7A76-AA58-CC11-0D5292F8E06A
16,-53,402B799D-D0B5-1828-8A38-5A7872AC004C
16,-87,B43A23A2-9E71-C6E8-E077-47C1867CA41C
16,-86,04BAB474-320A-44CF-2E48-F6A57219ED08
16,-74,AB7D83E5-7101-36F5-D2B4-668B2C9A7903
16,-62,FA1B5EB7-9854-EF57-0011-9DAF510B3836
16,-81,CF8CD542-9487-2D8C-1F4E-43B4A756C17F
16,-86,1A6F6B1A-5B42-9260-9384-259F81E6E89C
16,-84,E454F94D-9C6E-ECA1-85D2-014317A7A8E9
16,-83,62AD6CB1-240F-3D43-8405-33EC8BF3D7BB
16,-67,0927D63B-9C1F-550F-2837-833C800C0015
16,-62,8D85DC3F-F1EF-4CFB-E847-EC1D4E0EE582
16,-89,B779BA50-0B02-B6EB-F369-2E330AFC31F5
16,-62,8FA76E7C-0AA3-26FE-21C4-58CDEED4E8E9
16,-93,28:ac:9e:3e:b1:8f
16,-90,b0:c7:45:c9:0d:d5
16,-89,4c:32:75:c6:d3:a4
16,-89,d0:4f:58:52:f8:70
16,-87,c4:36:c0:e3:cc:3f
16,-87,c4:36:c0:e3:cc:3e
16,-87,10:27:f5:e3:50:97
16,-86,84:af:ec:86:f0:70
16,-86,c4:36:c0:e3:cc:38
16,-86,b0:26:80:d1:d8:ae
16,-86,b0:26:80:d1:d8:af
16,-85,84:af:ec:a7:f2:b4
16,-83,c0:25:a2:a8:01:22
16,-82,b0:26:80:d1:d8:a0
16,-76,80:ea:96:f2:cc:77
16,-74,c0:06:c3:c0:b9:d3
16,-72,b0:c7:45:c9:0d:d0
16,-71,ac:44:f2:8c:e9:20
16,-65,d0:40:ef:f9:f0:9d
16,-65,c0:06:c3:c0:b9:d2
16,-64,b0:26:80:d1:cf:00
16,-62,e8:4f:25:d6:0e:45
16,-58,28:ac:9e:3e:b9:a1
16,-58,28:ac:9e:3e:b9:a0
16,-57,80:ea:96:f2:cc:76
16,-56,60:84:bd:de:7c:60
16,-45,c0:25:a2:a7:2e:2a
16,-41,e8:4f:25:d3:9b:75
16,-58,60:84:bd:de:7c:67
16,-56,ac:44:f2:8c:b0:e0
16,-55,ac:44:f2:8c:e8:a8
16,-52,28:ac:9e:3e:b9:ae
16,-51,b0:26:80:d1:cf:0f
16,-51,b0:26:80:d1:cf:0e
16,-51,28:ac:9e:3e:b9:af
16,-43,c0:25:a2:a9:b1:4f
16,-42,c0:25:a2:a7:2e:2b
17,-77,CB3FA815-792F-F093-ACFF-69B2FB6871CF
17,-67,10E79AFE-4E98-6854-65EF-3E2C2D93DC46
17,-65,BBE44E4E-3BEA-1528-EFA4-7A324456043A
17,-94,80324D1A-7A05-DCA2-D675-DF7AE48F80D0
17,-65,2E69403D-0597-EAD1-3A45-239969C651B6
17,-83,1667049A-7372-C30D-89B2-B1ECA12DB046
17,-82,11568810-14EB-73E2-57A7-8E4F671044D2
17,-50,5CF555D6-48CA-4ADC-9211-635182D7E387
17,-96,7390391D-AA27-8830-875B-FDA1FE16BA66
17,-73,3E0588ED-B074-0E75-CF27-8FD8719BC258
17,-60,CB334F59-F065-7DAB-9C2B-5A3669B0BD26
17,-75,25EEE710-D922-C8EB-84FC-60C776058272
17,-79,99FC17B2-BBDE-A56A-E241-2F789956D915
17,-73,80280365-B20E-1CFF-B716-1AF288304351
17,-90,249C181E-96E7-D024-AD18-CEC7BE3C93E9
17,-88,2EAED031-3590-344B-C4A8-89837A4F7FD1
17,-79,CF8CD542-9487-2D8C-1F4E-43B4A756C17F
17,-49,7ACF5DA2-65CB-4119-12AB-22CBA8C09B29
17,-87,04BAB474-320A-44CF-2E48-F6A57219ED08
17,-98,5D513F40-4026-8A54-9A29-53EF657C550A
17,-78,62AD6CB1-240F-3D43-8405-33EC8BF3D7BB
17,-86,1A6F6B1A-5B42-9260-9384-259F81E6E89C
17,-73,FA1B5EB7-9854-EF57-0011-9DAF510B3836
17,-43,7D1D648C-8CED-928B-3483-B164419E75B2
17,-76,5FAEC74A-B372-18CD-3464-305CD379F907
17,-71,AB7D83E5-7101-36F5-D2B4-668B2C9A7903
17,-65,6439E5F8-45A3-2BF9-A90F-2F5412EAD07E
17,-84,77E25248-68BD-55D5-353C-70A9B5BC4147
17,-54,91592F85-8583-F7D2-B20C-CF8314BB5E59
17,-86,B29B9BDF-31B4-EFB5-9341-4823593885EA
17,-69,497D108A-8000-60BF-9EC6-D425A99F01B2
17,-62,402B799D-D0B5-1828-8A38-5A7872AC004C
17,-50,CEEB922A-7DDE-46D0-CDC8-E7CDA8BD08A2
17,-80,D59D2354-372E-EC13-7BDA-49D8735505CC
17,-98,A24CC2A3-FC82-437A-DA70-A30AFA2E6483
17,-60,13611532-E963-EE25-A8B6-448A5F64C501
17,-86,E454F94D-9C6E-ECA1-85D2-014317A7A8E9
17,-87,A1444613-FD08-5AB4-70DE-F1C849A324D5
17,-83,9A5F8A1B-3BD7-0A1B-99CE-D4B805F0FA27
17,-56,E1BEC981-F150-F7B4-9462-855BE34E0B7F
17,-81,9F78548A-9526-975D-5327-2C4E18955E6B
17,-72,C1585FD6-BAD0-9CC9-A0DD-D6A5137C7C97
17,-92,56FD416A-9251-4EA0-5301-2771D60880D3
17,-67,8A50F6B1-3DB1-A85A-6ED9-343168E5E515
17,-58,51808EF8-2162-420F-731F-0817F82681B1
17,-85,FA3E01C8-BFD2-EEB6-4B65-3FE180426693
17,-94,A87224AC-4440-6421-23F3-8D88EE4F2949
17,-91,FE156ECF-94AA-C7AE-6986-433F101573A6
17,-72,A1ED206E-338C-46F5-A589-35FC4E56E4FA
17,-99,E4449501-7A76-AA58-CC11-0D5292F8E06A
17,-73,B43A23A2-9E71-C6E8-E077-47C1867CA41C
17,-100,756C2E00-2EDF-F925-AFCF-51F8DC12B3B9
17,-93,c4:3c:ea:3f:44:2a
17,-92,28:ac:9e:3e:b1:8f
17,-89,c0:25:a2:a8:01:23
17,-89,4c:32:75:c6:d3:a4
17,-89,d0:4f:58:52:f8:70
17,-87,c4:36:c0:e3:cc:3f
17,-87,c4:36:c0:e3:cc:38
17,-87,b0:26:80:d1:d8:ae
17,-87,b0:c7:45:c9:0d:d5
17,-87,84:af:ec:a7:f2:b4
17,-86,84:af:ec:86:f0:70
17,-86,c4:36:c0:e3:cc:3e
17,-86,b0:26:80:d1:d8:af
17,-86,10:27:f5:e3:50:97
17,-83,c0:25:a2:a8:01:22
17,-83,b0:26:80:d1:d8:a0
17,-81,00:90:fe:f7:da:b4
17,-80,b0:26:80:d1:d8:a1
17,-76,80:ea:96:f2:cc:77
17,-74,c0:06:c3:c0:b9:d3
17,-73,ac:44:f2:8c:e9:20
17,-72,c4:36:c0:e3:cc:37
17,-72,c4:36:c0:e3:cc:30
17,-72,16:27:f5:e3:50:96
17,-72,b0:c7:45:c9:0d:d0
17,-68,84:af:ec:86:f0:60
17,-65,c0:06:c3:c0:b9:d2
17,-62,e8:4f:25:d6:0e:45
17,-61,b0:26:80:d1:cf:00
17,-60,b0:26:80:d1:cf:01
17,-60,d0:40:ef:f9:f0:9d
17,-60,60:84:bd:de:7c:60
17,-58,28:ac:9e:3e:b9:a0
17,-57,80:ea:96:f2:cc:76
17,-51,c0:25:a2:a7:2e:2a
17,-41,e8:4f:25:d3:9b:75
17,-57,ac:44:f2:8c:b0:e0
17,-55,60:84:bd:de:7c:67
17,-53,b0:26:80:d1:cf:0f
17,-53,b0:26:80:d1:cf:0e
17,-53,28:ac:9e:3e:b9:af
17,-53,ac:44:f2:8c:e8:a8
17,-52,28:ac:9e:3e:b9:ae
17,-46,c0:25:a2:a7:2e:2b
17,-39,c0:25:a2:a9:b1:4f
18,-79,1A6F6B1A-5B42-9260-9384-259F81E6E89C
18,-86,04BAB474-320A-44CF-2E48-F6A57219ED08
18,-94,AF3BF79E-D90C-914D-A5A2-59CA303B2846
18,-73,25EEE710-D922-C8EB-84FC-60C776058272
18,-40,7D1D648C-8CED-928B-3483-B164419E75B2
18,-73,8BDFFC3A-CAB9-9C5A-5F90-222316CF3FB3
18,-53,5CF555D6-48CA-4ADC-9211-635182D7E387
18,-67,10E79AFE-4E98-6854-65EF-3E2C2D93DC46
18,-66,E93AB3DA-6277-0FCF-F172-4C8891BDB8EA
18,-76,FA1B5EB7-9854-EF57-0011-9DAF510B3836
18,-73,497D108A-8000-60BF-9EC6-D425A99F01B2
18,-70,D59D2354-372E-EC13-7BDA-49D8735505CC
18,-58,51808EF8-2162-420F-731F-0817F82681B1
18,-62,B43A23A2-9E71-C6E8-E077-47C1867CA41C
18,-75,6439E5F8-45A3-2BF9-A90F-2F5412EAD07E
18,-96,A24CC2A3-FC82-437A-DA70-A30AFA2E6483
18,-96,B779BA50-0B02-B6EB-F369-2E330AFC31F5
18,-68,80324D1A-7A05-DCA2-D675-DF7AE48F80D0
18,-63,8D85DC3F-F1EF-4CFB-E847-EC1D4E0EE582
18,-56,CB334F59-F065-7DAB-9C2B-5A3669B0BD26
18,-73,AB7D83E5-7101-36F5-D2B4-668B2C9A7903
18,-58,E1BEC981-F150-F7B4-9462-855BE34E0B7F
18,-58,CEEB922A-7DDE-46D0-CDC8-E7CDA8BD08A2
18,-47,7ACF5DA2-65CB-4119-12AB-22CBA8C09B29
18,-73,BBE44E4E-3BEA-1528-EFA4-7A324456043A
18,-82,1667049A-7372-C30D-89B2-B1ECA12DB046
18,-72,0896FD2C-8A5B-89C7-99EA-A33F73198964
18,-96,5D513F40-4026-8A54-9A29-53EF657C550A
18,-55,91592F85-8583-F7D2-B20C-CF8314BB5E59
18,-91,F0571E8D-A7BA-A618-7C1F-9B5DE0708944
18,-68,0927D63B-9C1F-550F-2837-833C800C0015
18,-81,CB3FA815-792F-F093-ACFF-69B2FB6871CF
18,-93,FE156ECF-94AA-C7AE-6986-433F101573A6
18,-63,2E69403D-0597-EAD1-3A45-239969C651B6
18,-87,2EAED031-3590-344B-C4A8-89837A4F7FD1
18,-76,5FAEC74A-B372-18CD-3464-305CD379F907
18,-86,7390391D-AA27-8830-875B-FDA1FE16BA66
18,-80,99FC17B2-BBDE-A56A-E241-2F789956D915
18,-89,249C181E-96E7-D024-AD18-CEC7BE3C93E9
18,-81,62AD6CB1-240F-3D43-8405-33EC8BF3D7BB
18,-82,9A5F8A1B-3BD7-0A1B-99CE-D4B805F0FA27
18,-82,3E0588ED-B074-0E75-CF27-8FD8719BC258
18,-63,B29B9BDF-31B4-EFB5-9341-4823593885EA
18,-68,8A50F6B1-3DB1-A85A-6ED9-343168E5E515
18,-83,E454F94D-9C6E-ECA1-85D2-014317A7A8E9
18,-85,CF8CD542-9487-2D8C-1F4E-43B4A756C17F
18,-96,3FF4BAB7-D7C9-0747-7E92-8D1866BA1F42
18,-74,A1ED206E-338C-46F5-A589-35FC4E56E4FA
18,-71,C1585FD6-BAD0-9CC9-A0DD-D6A5137C7C97
18,-68,C273A7C0-D2CF-7033-9066-63DE621A6AF6
18,-86,9F78548A-9526-975D-5327-2C4E18955E6B
18,-82,11568810-14EB-73E2-57A7-8E4F671044D2
18,-96,A87224AC-4440-6421-23F3-8D88EE4F2949
18,-93,28:ac:9e:3e:b1:8f
18,-92,c4:3c:ea:3f:44:2a
18,-90,4c:32:75:c6:d3:a4
18,-89,c0:25:a2:a8:01:23
18,-89,d0:4f:58:52:f8:70
18,-88,b0:c7:45:c9:0d:d5
18,-87,9e:ad:97:b9:a0:be
18,-87,c4:36:c0:e3:cc:3e
18,-87,b0:26:80:d1:d8:ae
18,-87,b0:26:80:d1:d8:af
18,-87,10:27:f5:e3:50:97
18,-86,84:af:ec:86:f0:70
18,-86,c4:36:c0:e3:cc:3f
18,-86,c4:36:c0:e3:cc:38
18,-85,84:af:ec:a7:f2:b4
18,-81,00:90:fe:f7:da:b4
18,-81,b0:26:80:d1:d8:a0
18,-80,b0:26:80:d1:d8:a1
18,-75,c0:06:c3:c0:b9:d3
18,-75,80:ea:96:f2:cc:77
18,-72,c4:36:c0:e3:cc:37
18,-72,c4:36:c0:e3:cc:30
18,-72,16:27:f5:e3:50:96
18,-72,ac:44:f2:8c:e9:20
18,-61,b0:26:80:d1:cf:00
18,-60,b0:26:80:d1:cf:01
18,-60,d0:40:ef:f9:f0:9d
18,-58,80:ea:96:f2:cc:76
18,-56,60:84:bd:de:7c:60
18,-55,84:af:ec:86:f0:60
18,-49,c0:25:a2:a7:2e:2a
18,-41,e8:4f:25:d3:9b:75
18,-56,ac:44:f2:8c:b0:e0
18,-55,60:84:bd:de:7c:67
18,-53,b0:26:80:d1:cf:0f
18,-53,b0:26:80:d1:cf:0e
18,-53,ac:44:f2:8c:e8:a8
18,-51,28:ac:9e:3e:b9:ae
18,-51,28:ac:9e:3e:b9:af
18,-46,c0:25:a2:a7:2e:2b
18,-39,c0:25:a2:a9:b1:4f
19,-61,B29B9BDF-31B4-EFB5-9341-4823593885EA
19,-73,10E79AFE-4E98-6854-65EF-3E2C2D93DC46
19,-67,8A50F6B1-3DB1-A85A-6ED9-343168E5E515
19,-90,7390391D-AA27-8830-875B-FDA1FE16BA66
19,-74,8792153E-FDDA-84CC-BD7D-C8C6193F29A0
19,-74,3E0588ED-B074-0E75-CF27-8FD8719BC258
19,-82,99FC17B2-BBDE-A56A-E241-2F789956D915
19,-74,0896FD2C-8A5B-89C7-99EA-A33F73198964
19,-82,62AD6CB1-240F-3D43-8405-33EC8BF3D7BB
19,-88,04BAB474-320A-44CF-2E48-F6A57219ED08
19,-73,25EEE710-D922-C8EB-84FC-60C776058272
19,-68,80324D1A-7A05-DCA2-D675-DF7AE48F80D0
19,-84,11568810-14EB-73E2-57A7-8E4F671044D2
19,-92,756C2E00-2EDF-F925-AFCF-51F8DC12B3B9
19,-72,AB7D83E5-7101-36F5-D2B4-668B2C9A7903
19,-62,2E69403D-0597-EAD1-3A45-239969C651B6
19,-61,D59D2354-372E-EC13-7BDA-49D8735505CC
19,-71,6A24D35D-35ED-06B5-B39A-EAD4365222EA
19,-79,CF8CD542-9487-2D8C-1F4E-43B4A756C17F
19,-47,7ACF5DA2-65CB-4119-12AB-22CBA8C09B29
19,-40,7D1D648C-8CED-928B-3483-B164419E75B2
19,-84,9A5F8A1B-3BD7-0A1B-99CE-D4B805F0FA27
19,-58,5CF555D6-48CA-4ADC-9211-635182D7E387
19,-97,A24CC2A3-FC82-437A-DA70-A30AFA2E6483
19,-74,A1ED206E-338C-46F5-A589-35FC4E56E4FA
19,-99,40234201-0248-FAD4-2893-17374C36AD8B
19,-79,6439E5F8-45A3-2BF9-A90F-2F5412EAD07E
19,-60,CB334F59-F065-7DAB-9C2B-5A3669B0BD26
19,-76,5FAEC74A-B372-18CD-3464-305CD379F907
19,-82,E454F94D-9C6E-ECA1-85D2-014317A7A8E9
19,-91,249C181E-96E7-D024-AD18-CEC7BE3C93E9
19,-80,BBE44E4E-3BEA-1528-EFA4-7A324456043A
19,-58,13611532-E963-EE25-A8B6-448A5F64C501
19,-72,9F78548A-9526-975D-5327-2C4E18955E6B
19,-97,E2854E25-9E68-F5CF-6731-32DB738120E5
19,-80,C1585FD6-BAD0-9CC9-A0DD-D6A5137C7C97
19,-95,2EAED031-3590-344B-C4A8-89837A4F7FD1
19,-62,0927D63B-9C1F-550F-2837-833C800C0015
19,-57,91592F85-8583-F7D2-B20C-CF8314BB5E59
19,-97,FE156ECF-94AA-C7AE-6986-433F101573A6
19,-78,CB3FA815-792F-F093-ACFF-69B2FB6871CF
19,-84,1667049A-7372-C30D-89B2-B1ECA12DB046
19,-87,4595A0A1-833D-74BD-EB56-11903B509213
19,-84,A1444613-FD08-5AB4-70DE-F1C849A324D5
19,-85,1A6F6B1A-5B42-9260-9384-259F81E6E89C
19,-59,E1BEC981-F150-F7B4-9462-855BE34E0B7F
19,-58,CEEB922A-7DDE-46D0-CDC8-E7CDA8BD08A2
19,-93,28:ac:9e:3e:b1:8f
19,-92,3c:7c:3f:3e:71:44
19,-92,c4:3c:ea:3f:44:2a
19,-90,c0:25:a2:a8:01:23
19,-90,4c:32:75:c6:d3:a4
19,-87,9e:ad:97:b9:a0:be
19,-87,c4:36:c0:e3:cc:3f
19,-87,b0:26:80:d1:d8:ae
19,-87,b0:c7:45:c9:0d:d5
19,-87,b0:26:80:d1:d8:af
19,-87,84:af:ec:a7:f2:b4
19,-86,c4:36:c0:e3:cc:3e
19,-86,c4:36:c0:e3:cc:38
19,-86,10:27:f5:e3:50:97
19,-85,84:af:ec:86:f0:70
19,-82,00:90:fe:f7:da:b6
19,-82,00:90:fe:f7:da:b4
19,-81,b0:26:80:d1:d8:a0
19,-80,b0:26:80:d1:d8:a1
19,-76,80:ea:96:f2:cc:77
19,-74,ac:44:f2:8c:e9:20
19,-73,b0:c7:45:c9:0d:d0
19,-73,c0:06:c3:c0:b9:d3
19,-72,c4:36:c0:e3:cc:37
19,-72,c4:36:c0:e3:cc:30
19,-72,16:27:f5:e3:50:96
19,-64,c0:06:c3:c0:b9:d2
19,-61,b0:26:80:d1:cf:00
19,-60,b0:26:80:d1:cf:01
19,-60,d0:40:ef:f9:f0:9d
19,-59,80:ea:96:f2:cc:76
19,-57,e8:4f:25:d6:0e:45
19,-56,60:84:bd:de:7c:60
19,-55,84:af:ec:86:f0:60
19,-51,c0:25:a2:a7:2e:2a
19,-44,e8:4f:25:d3:9b:75
19,-56,ac:44:f2:8c:b0:e0
19,-55,60:84:bd:de:7c:67
19,-53,b0:26:80:d1:cf:0f
19,-53,b0:26:80:d1:cf:0e
19,-53,ac:44:f2:8c:e8:a8
19,-52,28:ac:9e:3e:b9:ae
19,-52,28:ac:9e:3e:b9:af
19,-42,c0:25:a2:a7:2e:2b
19,-39,c0:25:a2:a9:b1:4f
20,-100,80324D1A-7A05-DCA2-D675-DF7AE48F80D0
20,-61,CB334F59-F065-7DAB-9C2B-5A3669B0BD26
20,-83,11568810-14EB-73E2-57A7-8E4F671044D2
20,-76,BBE44E4E-3BEA-1528-EFA4-7A324456043A
20,-87,CB3FA815-792F-F093-ACFF-69B2FB6871CF
20,-82,9A5F8A1B-3BD7-0A1B-99CE-D4B805F0FA27
20,-70,497D108A-8000-60BF-9EC6-D425A99F01B2
20,-97,E4449501-7A76-AA58-CC11-0D5292F8E06A
20,-71,D59D2354-372E-EC13-7BDA-49D8735505CC
20,-71,C1585FD6-BAD0-9CC9-A0DD-D6A5137C7C97
20,-53,5CF555D6-48CA-4ADC-9211-635182D7E387
20,-89,249C181E-96E7-D024-AD18-CEC7BE3C93E9
20,-61,51808EF8-2162-420F-731F-0817F82681B1
20,-91,AF3BF79E-D90C-914D-A5A2-59CA303B2846
20,-75,5FAEC74A-B372-18CD-3464-305CD379F907
20,-72,25EEE710-D922-C8EB-84FC-60C776058272
20,-71,99FC17B2-BBDE-A56A-E241-2F789956D915
20,-71,AB7D83E5-7101-36F5-D2B4-668B2C9A7903
20,-86,04BAB474-320A-44CF-2E48-F6A57219ED08
20,-80,62AD6CB1-240F-3D43-8405-33EC8BF3D7BB
20,-79,80280365-B20E-1CFF-B716-1AF288304351
20,-75,0896FD2C-8A5B-89C7-99EA-A33F73198964
20,-86,CF8CD542-9487-2D8C-1F4E-43B4A756C17F
20,-70,B43A23A2-9E71-C6E8-E077-47C1867CA41C
20,-67,8A50F6B1-3DB1-A85A-6ED9-343168E5E515
20,-96,B779BA50-0B02-B6EB-F369-2E330AFC31F5
20,-69,10E79AFE-4E98-6854-65EF-3E2C2D93DC46
20,-42,7D1D648C-8CED-928B-3483-B164419E75B2
20,-83,1A6F6B1A-5B42-9260-9384-259F81E6E89C
20,-56,91592F85-8583-F7D2-B20C-CF8314BB5E59
20,-55,CEEB922A-7DDE-46D0-CDC8-E7CDA8BD08A2
20,-46,7ACF5DA2-65CB-4119-12AB-22CBA8C09B29
20,-70,FA1B5EB7-9854-EF57-0011-9DAF510B3836
20,-58,E1BEC981-F150-F7B4-9462-855BE34E0B7F
20,-95,A87224AC-4440-6421-23F3-8D88EE4F2949
20,-75,3E0588ED-B074-0E75-CF27-8FD8719BC258
20,-96,2EAED031-3590-344B-C4A8-89837A4F7FD1
20,-89,9F78548A-9526-975D-5327-2C4E18955E6B
20,-95,FE156ECF-94AA-C7AE-6986-433F101573A6
20,-65,0927D63B-9C1F-550F-2837-833C800C0015
20,-99,9625F34D-6128-F218-5EEE-01DD660E18F4
20,-84,A1444613-FD08-5AB4-70DE-F1C849A324D5
20,-74,31F5A215-5EAD-CBC2-8330-E7B8F193D9E5
20,-97,3A292ADA-B6CF-253F-2188-1D00821B2821
20,-65,8FA76E7C-0AA3-26FE-21C4-58CDEED4E8E9
20,-82,2E69403D-0597-EAD1-3A45-239969C651B6
20,-62,8D85DC3F-F1EF-4CFB-E847-EC1D4E0EE582
20,-89,7390391D-AA27-8830-875B-FDA1FE16BA66
20,-63,B29B9BDF-31B4-EFB5-9341-4823593885EA
20,-99,756C2E00-2EDF-F925-AFCF-51F8DC12B3B9
20,-93,28:ac:9e:3e:b1:8f
20,-92,3c:7c:3f:3e:71:44
20,-92,c4:3c:ea:3f:44:2a
20,-90,c0:25:a2:a8:01:23
20,-90,4c:32:75:c6:d3:a4
20,-88,b0:c7:45:c9:0d:d5
20,-87,9e:ad:97:b9:a0:be
20,-87,c4:36:c0:e3:cc:3e
20,-87,b0:26:80:d1:d8:ae
20,-86,c4:36:c0:e3:cc:3f
20,-86,c4:36:c0:e3:cc:38
20,-86,b0:26:80:d1:d8:af
20,-86,84:af:ec:a7:f2:b4
20,-86,10:27:f5:e3:50:97
20,-85,84:af:ec:86:f0:70
20,-82,00:90:fe:f7:da:b6
20,-81,b0:26:80:d1:d8:a0
20,-78,00:90:fe:f7:da:b4
20,-76,80:ea:96:f2:cc:77
20,-74,ac:44:f2:8c:e9:20
20,-73,b0:c7:45:c9:0d:d0
20,-73,c0:06:c3:c0:b9:d3
20,-72,c4:36:c0:e3:cc:30
20,-64,c0:06:c3:c0:b9:d2
20,-58,80:ea:96:f2:cc:76
20,-57,e8:4f:25:d6:0e:45
20,-57,60:84:bd:de:7c:60
20,-55,84:af:ec:86:f0:60
20,-52,c0:25:a2:a7:2e:2a
20,-44,e8:4f:25:d3:9b:75
20,-56,ac:44:f2:8c:b0:e0
20,-55,60:84:bd:de:7c:67
20,-53,b0:26:80:d1:cf:0e
20,-53,ac:44:f2:8c:e8:a8
20,-52,b0:26:80:d1:cf:0f
20,-52,28:ac:9e:3e:b9:ae
20,-52,28:ac:9e:3e:b9:af
20,-43,c0:25:a2:a7:2e:2b
20,-38,c0:25:a2:a9:b1:4f
21,-83,9A5F8A1B-3BD7-0A1B-99CE-D4B805F0FA27
21,-72,B43A23A2-9E71-C6E8-E077-47C1867CA41C
21,-85,CB3FA815-792F-F093-ACFF-69B2FB6871CF
21,-56,51808EF8-2162-420F-731F-0817F82681B1
21,-64,91592F85-8583-F7D2-B20C-CF8314BB5E59
21,-65,0927D63B-9C1F-550F-2837-833C800C0015
21,-79,BBE44E4E-3BEA-1528-EFA4-7A324456043A
21,-82,5FAEC74A-B372-18CD-3464-305CD379F907
21,-63,470BCD0E-4128-C60A-A81D-998F97C53329
21,-89,AF3BF79E-D90C-914D-A5A2-59CA303B2846
21,-80,80324D1A-7A05-DCA2-D675-DF7AE48F80D0
21,-48,7ACF5DA2-65CB-4119-12AB-22CBA8C09B29
21,-84,1667049A-7372-C30D-89B2-B1ECA12DB046
21,-74,31F5A215-5EAD-CBC2-8330-E7B8F193D9E5
21,-98,B779BA50-0B02-B6EB-F369-2E330AFC31F5
21,-74,99FC17B2-BBDE-A56A-E241-2F789956D915
21,-58,CB334F59-F065-7DAB-9C2B-5A3669B0BD26
21,-97,5D513F40-4026-8A54-9A29-53EF657C550A
21,-69,8A50F6B1-3DB1-A85A-6ED9-343168E5E515
21,-73,8BDFFC3A-CAB9-9C5A-5F90-222316CF3FB3
21,-69,D59D2354-372E-EC13-7BDA-49D8735505CC
21,-79,25EEE710-D922-C8EB-84FC-60C776058272
21,-73,497D108A-8000-60BF-9EC6-D425A99F01B2
21,-81,62AD6CB1-240F-3D43-8405-33EC8BF3D7BB
21,-42,7D1D648C-8CED-928B-3483-B164419E75B2
21,-97,A24CC2A3-FC82-437A-DA70-A30AFA2E6483
21,-52,13611532-E963-EE25-A8B6-448A5F64C501
21,-86,AB7D83E5-7101-36F5-D2B4-668B2C9A7903
21,-91,3A292ADA-B6CF-253F-2188-1D00821B2821
21,-54,E1BEC981-F150-F7B4-9462-855BE34E0B7F
21,-89,7390391D-AA27-8830-875B-FDA1FE16BA66
21,-56,CEEB922A-7DDE-46D0-CDC8-E7CDA8BD08A2
21,-80,2E69403D-0597-EAD1-3A45-239969C651B6
21,-76,9F78548A-9526-975D-5327-2C4E18955E6B
21,-85,3E0588ED-B074-0E75-CF27-8FD8719BC258
21,-67,8FA76E7C-0AA3-26FE-21C4-58CDEED4E8E9
21,-97,A87224AC-4440-6421-23F3-8D88EE4F2949
21,-67,8D85DC3F-F1EF-4CFB-E847-EC1D4E0EE582
21,-87,F0571E8D-A7BA-A618-7C1F-9B5DE0708944
21,-52,5CF555D6-48CA-4ADC-9211-635182D7E387
21,-98,FE156ECF-94AA-C7AE-6986-433F101573A6
21,-96,E4449501-7A76-AA58-CC11-0D5292F8E06A
21,-62,B29B9BDF-31B4-EFB5-9341-4823593885EA
21,-81,C1585FD6-BAD0-9CC9-A0DD-D6A5137C7C97
21,-83,1A6F6B1A-5B42-9260-9384-259F81E6E89C
21,-85,CF8CD542-9487-2D8C-1F4E-43B4A756C17F
21,-87,04BAB474-320A-44CF-2E48-F6A57219ED08
21,-93,28:ac:9e:3e:b1:8f
21,-92,3c:7c:3f:3e:71:44
21,-90,c0:25:a2:a8:01:23
21,-88,b0:26:80:d1:d8:ae
21,-88,b0:c7:45:c9:0d:d5
21,-87,c4:36:c0:e3:cc:38
21,-87,b0:26:80:d1:d8:af
21,-86,c4:36:c0:e3:cc:3f
21,-86,c4:36:c0:e3:cc:3e
21,-86,84:af:ec:a7:f2:b4
21,-86,10:27:f5:e3:50:97
21,-85,84:af:ec:86:f0:70
21,-82,00:90:fe:f7:da:b6
21,-78,00:90:fe:f7:da:b4
21,-76,80:ea:96:f2:cc:77
21,-74,c0:25:a2:a8:01:22
21,-74,ac:44:f2:8c:e9:20
21,-73,b0:c7:45:c9:0d:d0
21,-73,c0:06:c3:c0:b9:d3
21,-72,c4:36:c0:e3:cc:30
21,-64,c0:06:c3:c0:b9:d2
21,-64,84:af:ec:86:f0:60
21,-58,e8:4f:25:d6:0e:45
21,-57,80:ea:96:f2:cc:76
21,-57,60:84:bd:de:7c:60
21,-51,c0:25:a2:a7:2e:2a
21,-44,e8:4f:25:d3:9b:75
21,-56,ac:44:f2:8c:b0:e0
21,-55,60:84:bd:de:7c:67
21,-53,b0:26:80:d1:cf:0f
21,-53,b0:26:80:d1:cf:0e
21,-52,28:ac:9e:3e:b9:ae
21,-52,28:ac:9e:3e:b9:af
21,-51,ac:44:f2:8c:e8:a8
21,-42,c0:25:a2:a7:2e:2b
21,-38,c0:25:a2:a9:b1:4f
22,-70,9F78548A-9526-975D-5327-2C4E18955E6B
22,-98,A87224AC-4440-6421-23F3-8D88EE4F2949
22,-46,7ACF5DA2-65CB-4119-12AB-22CBA8C09B29
22,-93,FE156ECF-94AA-C7AE-6986-433F101573A6
22,-74,0896FD2C-8A5B-89C7-99EA-A33F73198964
22,-57,CB334F59-F065-7DAB-9C2B-5A3669B0BD26
22,-82,11568810-14EB-73E2-57A7-8E4F671044D2
22,-81,62AD6CB1-240F-3D43-8405-33EC8BF3D7BB
22,-79,CB3FA815-792F-F093-ACFF-69B2FB6871CF
22,-75,AB7D83E5-7101-36F5-D2B4-668B2C9A7903
22,-82,5FAEC74A-B372-18CD-3464-305CD379F907
22,-56,91592F85-8583-F7D2-B20C-CF8314BB5E59
22,-89,AF3BF79E-D90C-914D-A5A2-59CA303B2846
22,-72,31F5A215-5EAD-CBC2-8330-E7B8F193D9E5
22,-60,5CF555D6-48CA-4ADC-9211-635182D7E387
22,-63,2E69403D-0597-EAD1-3A45-239969C651B6
22,-80,3E0588ED-B074-0E75-CF27-8FD8719BC258
22,-68,10E79AFE-4E98-6854-65EF-3E2C2D93DC46
22,-59,51808EF8-2162-420F-731F-0817F82681B1
22,-74,B43A23A2-9E71-C6E8-E077-47C1867CA41C
22,-83,7390391D-AA27-8830-875B-FDA1FE16BA66
22,-76,BBE44E4E-3BEA-1528-EFA4-7A324456043A
22,-64,8FA76E7C-0AA3-26FE-21C4-58CDEED4E8E9
22,-65,8D85DC3F-F1EF-4CFB-E847-EC1D4E0EE582
22,-79,1A6F6B1A-5B42-9260-9384-259F81E6E89C
22,-81,25EEE710-D922-C8EB-84FC-60C776058272
22,-72,D59D2354-372E-EC13-7BDA-49D8735505CC
22,-88,04BAB474-320A-44CF-2E48-F6A57219ED08
22,-85,CF8CD542-9487-2D8C-1F4E-43B4A756C17F
22,-71,497D108A-8000-60BF-9EC6-D425A99F01B2
22,-42,7D1D648C-8CED-928B-3483-B164419E75B2
22,-63,B29B9BDF-31B4-EFB5-9341-4823593885EA
22,-79,A1ED206E-338C-46F5-A589-35FC4E56E4FA
22,-81,80324D1A-7A05-DCA2-D675-DF7AE48F80D0
22,-60,13611532-E963-EE25-A8B6-448A5F64C501
22,-98,3926EA01-ED4F-1DDF-D9CE-1175F3DC3DD0
22,-70,C1585FD6-BAD0-9CC9-A0DD-D6A5137C7C97
22,-97,B779BA50-0B02-B6EB-F369-2E330AFC31F5
22,-61,FA1B5EB7-9854-EF57-0011-9DAF510B3836
22,-55,E1BEC981-F150-F7B4-9462-855BE34E0B7F
22,-94,2EAED031-3590-344B-C4A8-89837A4F7FD1
22,-87,E454F94D-9C6E-ECA1-85D2-014317A7A8E9
22,-56,CEEB922A-7DDE-46D0-CDC8-E7CDA8BD08A2
22,-80,9A5F8A1B-3BD7-0A1B-99CE-D4B805F0FA27
22,-69,8BDFFC3A-CAB9-9C5A-5F90-222316CF3FB3
22,-55,402B799D-D0B5-1828-8A38-5A7872AC004C
22,-90,249C181E-96E7-D024-AD18-CEC7BE3C93E9
22,-86,A1444613-FD08-5AB4-70DE-F1C849A324D5
22,-96,689CA3C7-F6AD-F0E3-FB12-028F237A817D
22,-80,99FC17B2-BBDE-A56A-E241-2F789956D915
22,-92,c4:3c:ea:3f:44:2a
22,-92,3c:7c:3f:3e:71:44
22,-88,b0:c7:45:c9:0d:d5
22,-87,b0:26:80:d1:d8:ae
22,-87,10:27:f5:e3:50:97
22,-86,c4:36:c0:e3:cc:3f
22,-86,c4:36:c0:e3:cc:3e
22,-86,c4:36:c0:e3:cc:38
22,-86,b0:26:80:d1:d8:af
22,-86,84:af:ec:a7:f2:b4
22,-85,b0:26:80:d1:d8:a0
22,-85,84:af:ec:86:f0:70
22,-78,00:90:fe:f7:da:b4
22,-76,80:ea:96:f2:cc:77
22,-74,c0:25:a2:a8:01:22
22,-74,ac:44:f2:8c:e9:20
22,-72,c0:06:c3:c0:b9:d3
22,-71,c4:36:c0:e3:cc:30
22,-64,c0:06:c3:c0:b9:d2
22,-64,84:af:ec:86:f0:60
22,-62,b0:26:80:d1:cf:00
22,-58,e8:4f:25:d6:0e:45
22,-58,80:ea:96:f2:cc:76
22,-58,60:84:bd:de:7c:60
22,-55,28:ac:9e:3e:b9:a0
22,-50,c0:25:a2:a7:2e:2a
22,-40,d0:40:ef:f9:f0:9d
22,-40,e8:4f:25:d3:9b:75
22,-56,ac:44:f2:8c:b0:e0
22,-55,60:84:bd:de:7c:67
22,-53,b0:26:80:d1:cf:0f
22,-53,b0:26:80:d1:cf:0e
22,-52,ac:44:f2:8c:e8:a8
22,-51,28:ac:9e:3e:b9:ae
22,-51,28:ac:9e:3e:b9:af
22,-42,c0:25:a2:a7:2e:2b
22,-39,c0:25:a2:a9:b1:4f
23,-70,6A24D35D-35ED-06B5-B39A-EAD4365222EA
23,-47,7ACF5DA2-65CB-4119-12AB-22CBA8C09B29
23,-62,B29B9BDF-31B4-EFB5-9341-4823593885EA
23,-68,B43A23A2-9E71-C6E8-E077-47C1867CA41C
23,-79,BBE44E4E-3BEA-1528-EFA4-7A324456043A
23,-87,F0571E8D-A7BA-A618-7C1F-9B5DE0708944
23,-79,8792153E-FDDA-84CC-BD7D-C8C6193F29A0
23,-69,8A50F6B1-3DB1-A85A-6ED9-343168E5E515
23,-93,FE156ECF-94AA-C7AE-6986-433F101573A6
23,-82,E454F94D-9C6E-ECA1-85D2-014317A7A8E9
23,-85,11568810-14EB-73E2-57A7-8E4F671044D2
23,-65,0927D63B-9C1F-550F-2837-833C800C0015
23,-89,249C181E-96E7-D024-AD18-CEC7BE3C93E9
23,-64,ACE72ECA-09A9-EAC6-1AF2-2E76BF660E4E
23,-61,51808EF8-2162-420F-731F-0817F82681B1
23,-80,80324D1A-7A05-DCA2-D675-DF7AE48F80D0
23,-82,9A5F8A1B-3BD7-0A1B-99CE-D4B805F0FA27
23,-61,CB334F59-F065-7DAB-9C2B-5A3669B0BD26
23,-68,10E79AFE-4E98-6854-65EF-3E2C2D93DC46
23,-73,3E0588ED-B074-0E75-CF27-8FD8719BC258
23,-72,25EEE710-D922-C8EB-84FC-60C776058272
23,-70,AB7D83E5-7101-36F5-D2B4-668B2C9A7903
23,-82,1667049A-7372-C30D-89B2-B1ECA12DB046
23,-71,D59D2354-372E-EC13-7BDA-49D8735505CC
23,-82,2E69403D-0597-EAD1-3A45-239969C651B6
23,-60,497D108A-8000-60BF-9EC6-D425A99F01B2
23,-74,31F5A215-5EAD-CBC2-8330-E7B8F193D9E5
23,-75,1A6F6B1A-5B42-9260-9384-259F81E6E89C
23,-72,5FAEC74A-B372-18CD-3464-305CD379F907
23,-87,A1444613-FD08-5AB4-70DE-F1C849A324D5
23,-56,E1BEC981-F150-F7B4-9462-855BE34E0B7F
23,-62,C273A7C0-D2CF-7033-9066-63DE621A6AF6
23,-56,5CF555D6-48CA-4ADC-9211-635182D7E387
23,-40,7D1D648C-8CED-928B-3483-B164419E75B2
23,-57,CEEB922A-7DDE-46D0-CDC8-E7CDA8BD08A2
23,-70,0896FD2C-8A5B-89C7-99EA-A33F73198964
23,-79,9DC43723-8F13-4ABC-C756-AFD6762A9883
23,-77,E6E3BBB0-08C4-E3BD-BB12-3A33DB89A060
23,-72,D5AA8D74-3DBE-82D4-19CE-34AA4530CF30
23,-90,AF3BF79E-D90C-914D-A5A2-59CA303B2846
23,-91,756C2E00-2EDF-F925-AFCF-51F8DC12B3B9
23,-79,91592F85-8583-F7D2-B20C-CF8314BB5E59
23,-71,402B799D-D0B5-1828-8A38-5A7872AC004C
23,-72,FA1B5EB7-9854-EF57-0011-9DAF510B3836
23,-97,3926EA01-ED4F-1DDF-D9CE-1175F3DC3DD0
23,-92,c4:3c:ea:3f:44:2a
23,-92,3c:7c:3f:3e:71:44
23,-88,b0:c7:45:c9:0d:d5
23,-87,c4:36:c0:e3:cc:3f
23,-87,c4:36:c0:e3:cc:3e
23,-87,c4:36:c0:e3:cc:38
23,-87,b0:26:80:d1:d8:ae
23,-87,b0:26:80:d1:d8:af
23,-87,84:af:ec:a7:f2:b4
23,-86,10:27:f5:e3:50:97
23,-85,b0:26:80:d1:d8:a0
23,-85,84:af:ec:86:f0:70
23,-78,00:90:fe:f7:da:b6
23,-78,00:90:fe:f7:da:b4
23,-75,80:ea:96:f2:cc:77
23,-74,c0:25:a2:a8:01:22
23,-74,ac:44:f2:8c:e9:20
23,-74,c0:06:c3:c0:b9:d3
23,-72,b0:c7:45:c9:0d:d0
23,-72,c4:36:c0:e3:cc:30
23,-64,84:af:ec:86:f0:60
23,-63,c6:06:c3:c0:b9:d2
23,-63,b0:26:80:d1:cf:00
23,-63,c0:06:c3:c0:b9:d2
23,-58,80:ea:96:f2:cc:76
23,-55,60:84:bd:de:7c:60
23,-54,e8:4f:25:d6:0e:45
23,-53,28:ac:9e:3e:b9:a1
23,-53,28:ac:9e:3e:b9:a0
23,-51,c0:25:a2:a7:2e:2a
23,-40,d0:40:ef:f9:f0:9d
23,-40,e8:4f:25:d3:9b:75
23,-56,ac:44:f2:8c:b0:e0
23,-55,60:84:bd:de:7c:67
23,-53,b0:26:80:d1:cf:0f
23,-53,b0:26:80:d1:cf:0e
23,-52,28:ac:9e:3e:b9:ae
23,-52,28:ac:9e:3e:b9:af
23,-52,ac:44:f2:8c:e8:a8
23,-42,c0:25:a2:a7:2e:2b
23,-40,c0:25:a2:a9:b1:4f
24,-83,11568810-14EB-73E2-57A7-8E4F671044D2
24,-70,B43A23A2-9E71-C6E8-E077-47C1867CA41C
24,-53,CB334F59-F065-7DAB-9C2B-5A3669B0BD26
24,-52,51808EF8-2162-420F-731F-0817F82681B1
24,-84,1667049A-7372-C30D-89B2-B1ECA12DB046
24,-81,8BDFFC3A-CAB9-9C5A-5F90-222316CF3FB3
24,-49,7ACF5DA2-65CB-4119-12AB-22CBA8C09B29
24,-71,C1585FD6-BAD0-9CC9-A0DD-D6A5137C7C97
24,-65,31F5A215-5EAD-CBC2-8330-E7B8F193D9E5
24,-72,5FAEC74A-B372-18CD-3464-305CD379F907
24,-80,CF8CD542-9487-2D8C-1F4E-43B4A756C17F
24,-81,B29B9BDF-31B4-EFB5-9341-4823593885EA
24,-68,497D108A-8000-60BF-9EC6-D425A99F01B2
24,-81,1A6F6B1A-5B42-9260-9384-259F81E6E89C
24,-70,FA1B5EB7-9854-EF57-0011-9DAF510B3836
24,-74,8A50F6B1-3DB1-A85A-6ED9-343168E5E515
24,-86,04BAB474-320A-44CF-2E48-F6A57219ED08
24,-56,13611532-E963-EE25-A8B6-448A5F64C501
24,-84,E454F94D-9C6E-ECA1-85D2-014317A7A8E9
24,-75,3E0588ED-B074-0E75-CF27-8FD8719BC258
24,-71,25EEE710-D922-C8EB-84FC-60C776058272
24,-59,2E69403D-0597-EAD1-3A45-239969C651B6
24,-53,CEEB922A-7DDE-46D0-CDC8-E7CDA8BD08A2
24,-96,D5AA8D74-3DBE-82D4-19CE-34AA4530CF30
24,-86,2EAED031-3590-344B-C4A8-89837A4F7FD1
24,-41,7D1D648C-8CED-928B-3483-B164419E75B2
24,-88,A1ED206E-338C-46F5-A589-35FC4E56E4FA
24,-92,80324D1A-7A05-DCA2-D675-DF7AE48F80D0
24,-83,9F78548A-9526-975D-5327-2C4E18955E6B
24,-57,5CF555D6-48CA-4ADC-9211-635182D7E387
24,-72,A1444613-FD08-5AB4-70DE-F1C849A324D5
24,-74,BBE44E4E-3BEA-1528-EFA4-7A324456043A
24,-63,0927D63B-9C1F-550F-2837-833C800C0015
24,-82,99FC17B2-BBDE-A56A-E241-2F789956D915
24,-95,249C181E-96E7-D024-AD18-CEC7BE3C93E9
24,-76,CB3FA815-792F-F093-ACFF-69B2FB6871CF
24,-91,AF3BF79E-D90C-914D-A5A2-59CA303B2846
24,-69,D59D2354-372E-EC13-7BDA-49D8735505CC
24,-72,E6E3BBB0-08C4-E3BD-BB12-3A33DB89A060
24,-59,E1BEC981-F150-F7B4-9462-855BE34E0B7F
24,-50,934E5015-1188-46DC-D656-19F40EBAA913
24,-75,E93AB3DA-6277-0FCF-F172-4C8891BDB8EA
24,-85,9A5F8A1B-3BD7-0A1B-99CE-D4B805F0FA27
24,-90,342E00F8-E4F1-632A-4734-AEED3A13A0A0
24,-97,40234201-0248-FAD4-2893-17374C36AD8B
24,-69,10E79AFE-4E98-6854-65EF-3E2C2D93DC46
24,-94,28:ac:9e:3e:b1:8e
24,-92,c4:3c:ea:3f:44:2a
24,-92,3c:7c:3f:3e:71:44
24,-89,b0:c7:45:c9:0d:d5
24,-87,c4:36:c0:e3:cc:3f
24,-87,c4:36:c0:e3:cc:3e
24,-87,c4:36:c0:e3:cc:38
24,-87,b0:26:80:d1:d8:ae
24,-86,84:af:ec:86:f0:70
24,-86,b0:26:80:d1:d8:af
24,-86,84:af:ec:a7:f2:b4
24,-86,10:27:f5:e3:50:97
24,-85,b0:26:80:d1:d8:a0
24,-78,00:90:fe:f7:da:b6
24,-78,00:90:fe:f7:da:b4
24,-76,80:ea:96:f2:cc:77
24,-73,16:27:f5:e3:50:96
24,-72,10:27:f5:e3:50:96
24,-72,b0:c7:45:c9:0d:d0
24,-72,c4:36:c0:e3:cc:30
24,-71,ac:44:f2:8c:e9:20
24,-71,c0:06:c3:c0:b9:d3
24,-69,28:ac:9e:3e:b9:a1
24,-69,28:ac:9e:3e:b9:a0
24,-66,80:ea:96:f2:cc:76
24,-64,c6:06:c3:c0:b9:d2
24,-64,c0:06:c3:c0:b9:d2
24,-63,b0:26:80:d1:cf:01
24,-63,b0:26:80:d1:cf:00
24,-63,60:84:bd:de:7c:60
24,-60,84:af:ec:86:f0:60
24,-54,e8:4f:25:d6:0e:45
24,-50,c0:25:a2:a7:2e:2a
24,-45,e8:4f:25:d3:9b:75
24,-40,d0:40:ef:f9:f0:9d
24,-56,60:84:bd:de:7c:67
24,-56,ac:44:f2:8c:b0:e0
24,-53,b0:26:80:d1:cf:0f
24,-53,b0:26:80:d1:cf:0e
24,-52,ac:44:f2:8c:e8:a8
24,-51,28:ac:9e:3e:b9:af
24,-50,28:ac:9e:3e:b9:ae
24,-43,c0:25:a2:a9:b1:4f
24,-40,c0:25:a2:a7:2e:2b
25,-81,B29B9BDF-31B4-EFB5-9341-4823593885EA
25,-66,8D85DC3F-F1EF-4CFB-E847-EC1D4E0EE582
25,-76,3E0588ED-B074-0E75-CF27-8FD8719BC258
25,-65,8FA76E7C-0AA3-26FE-21C4-58CDEED4E8E9
25,-82,E6E3BBB0-08C4-E3BD-BB12-3A33DB89A060
25,-95,E454F94D-9C6E-ECA1-85D2-014317A7A8E9
25,-48,934E5015-1188-46DC-D656-19F40EBAA913
25,-72,C1585FD6-BAD0-9CC9-A0DD-D6A5137C7C97
25,-66,470BCD0E-4128-C60A-A81D-998F97C53329
25,-72,D5AA8D74-3DBE-82D4-19CE-34AA4530CF30
25,-67,0927D63B-9C1F-550F-2837-833C800C0015
25,-86,B779BA50-0B02-B6EB-F369-2E330AFC31F5
25,-82,80324D1A-7A05-DCA2-D675-DF7AE48F80D0
25,-73,25EEE710-D922-C8EB-84FC-60C776058272
25,-79,AB7D83E5-7101-36F5-D2B4-668B2C9A7903
25,-79,6A24D35D-35ED-06B5-B39A-EAD4365222EA
25,-83,62AD6CB1-240F-3D43-8405-33EC8BF3D7BB
25,-73,8792153E-FDDA-84CC-BD7D-C8C6193F29A0
25,-72,5FAEC74A-B372-18CD-3464-305CD379F907
25,-67,BBE44E4E-3BEA-1528-EFA4-7A324456043A
25,-96,3A292ADA-B6CF-253F-2188-1D00821B2821
25,-79,CF8CD542-9487-2D8C-1F4E-43B4A756C17F
25,-77,D59D2354-372E-EC13-7BDA-49D8735505CC
25,-66,31F5A215-5EAD-CBC2-8330-E7B8F193D9E5
25,-71,497D108A-8000-60BF-9EC6-D425A99F01B2
25,-82,E1BEC981-F150-F7B4-9462-855BE34E0B7F
25,-85,402B799D-D0B5-1828-8A38-5A7872AC004C
25,-84,A1ED206E-338C-46F5-A589-35FC4E56E4FA
25,-81,8BDFFC3A-CAB9-9C5A-5F90-222316CF3FB3
25,-87,1667049A-7372-C30D-89B2-B1ECA12DB046
25,-58,91592F85-8583-F7D2-B20C-CF8314BB5E59
25,-73,FA1B5EB7-9854-EF57-0011-9DAF510B3836
25,-83,9A5F8A1B-3BD7-0A1B-99CE-D4B805F0FA27
25,-91,2EAED031-3590-344B-C4A8-89837A4F7FD1
25,-73,C273A7C0-D2CF-7033-9066-63DE621A6AF6
25,-100,AF3BF79E-D90C-914D-A5A2-59CA303B2846
25,-39,7D1D648C-8CED-928B-3483-B164419E75B2
25,-61,CB334F59-F065-7DAB-9C2B-5A3669B0BD26
25,-59,5CF555D6-48CA-4ADC-9211-635182D7E387
25,-78,B43A23A2-9E71-C6E8-E077-47C1867CA41C
25,-70,E93AB3DA-6277-0FCF-F172-4C8891BDB8EA
25,-72,BB056977-A587-1AFB-A755-C463C98593B4
25,-98,40234201-0248-FAD4-2893-17374C36AD8B
25,-84,CB3FA815-792F-F093-ACFF-69B2FB6871CF
25,-74,9F78548A-9526-975D-5327-2C4E18955E6B
25,-70,10E79AFE-4E98-6854-65EF-3E2C2D93DC46
25,-70,8A50F6B1-3DB1-A85A-6ED9-343168E5E515
25,-69,014E3480-8DCF-32C5-FB83-0FE3F9E647A1
25,-87,11568810-14EB-73E2-57A7-8E4F671044D2
25,-74,19EAFB13-EA93-23E9-E6C0-655693DBECAA
25,-57,13611532-E963-EE25-A8B6-448A5F64C501
25,-94,28:ac:9e:3e:b1:8e
25,-92,28:ac:9e:3e:b1:8f
25,-92,c4:3c:ea:3f:44:2a
25,-92,3c:7c:3f:3e:71:44
25,-89,b0:c7:45:c9:0d:d5
25,-88,c4:36:c0:e3:cc:3e
25,-88,c4:36:c0:e3:cc:38
25,-88,b0:26:80:d1:d8:ae
25,-88,b0:26:80:d1:d8:af
25,-87,c4:36:c0:e3:cc:3f
25,-87,84:af:ec:a7:f2:b4
25,-86,84:af:ec:86:f0:70
25,-86,10:27:f5:e3:50:97
25,-80,b0:26:80:d1:d8:a0
25,-78,00:90:fe:f7:da:b6
25,-78,00:90:fe:f7:da:b4
25,-76,80:ea:96:f2:cc:77
25,-75,e8:4f:25:d6:2e:b9
25,-75,c0:06:c3:c0:b9:d3
25,-74,ac:44:f2:8c:e9:20
25,-73,16:27:f5:e3:50:96
25,-72,10:27:f5:e3:50:96
25,-72,b0:c7:45:c9:0d:d0
25,-72,c4:36:c0:e3:cc:30
25,-69,28:ac:9e:3e:b9:a1
25,-68,28:ac:9e:3e:b9:a0
25,-66,c6:06:c3:c0:b9:d2
25,-66,c0:06:c3:c0:b9:d2
25,-65,b0:26:80:d1:cf:00
25,-64,b0:26:80:d1:cf:01
25,-60,e8:4f:25:d6:0e:45
25,-60,84:af:ec:86:f0:60
25,-59,80:ea:96:f2:cc:76
25,-58,60:84:bd:de:7c:60
25,-43,c0:25:a2:a7:2e:2a
25,-41,e8:4f:25:d3:9b:75
25,-57,60:84:bd:de:7c:67
25,-56,ac:44:f2:8c:b0:e0
25,-54,b0:26:80:d1:cf:0f
25,-54,b0:26:80:d1:cf:0e
25,-54,ac:44:f2:8c:e8:a8
25,-52,28:ac:9e:3e:b9:af
25,-51,28:ac:9e:3e:b9:ae
25,-41,c0:25:a2:a7:2e:2b
25,-40,c0:25:a2:a9:b1:4f
26,-76,3E0588ED-B074-0E75-CF27-8FD8719BC258
26,-59,51808EF8-2162-420F-731F-0817F82681B1
26,-76,BBE44E4E-3BEA-1528-EFA4-7A324456043A
26,-76,AB7D83E5-7101-36F5-D2B4-668B2C9A7903
26,-41,7D1D648C-8CED-928B-3483-B164419E75B2
26,-70,0896FD2C-8A5B-89C7-99EA-A33F73198964
26,-62,402B799D-D0B5-1828-8A38-5A7872AC004C
26,-71,99FC17B2-BBDE-A56A-E241-2F789956D915
26,-63,2E69403D-0597-EAD1-3A45-239969C651B6
26,-85,11568810-14EB-73E2-57A7-8E4F671044D2
26,-97,E4449501-7A76-AA58-CC11-0D5292F8E06A
26,-56,91592F85-8583-F7D2-B20C-CF8314BB5E59
26,-83,A1444613-FD08-5AB4-70DE-F1C849A324D5
26,-82,F0571E8D-A7BA-A618-7C1F-9B5DE0708944
26,-58,5CF555D6-48CA-4ADC-9211-635182D7E387
26,-54,934E5015-1188-46DC-D656-19F40EBAA913
26,-82,80324D1A-7A05-DCA2-D675-DF7AE48F80D0
26,-85,9A5F8A1B-3BD7-0A1B-99CE-D4B805F0FA27
26,-72,0927D63B-9C1F-550F-2837-833C800C0015
26,-83,CB3FA815-792F-F093-ACFF-69B2FB6871CF
26,-73,25EEE710-D922-C8EB-84FC-60C776058272
26,-71,9F78548A-9526-975D-5327-2C4E18955E6B
26,-70,8A50F6B1-3DB1-A85A-6ED9-343168E5E515
26,-94,756C2E00-2EDF-F925-AFCF-51F8DC12B3B9
26,-80,62AD6CB1-240F-3D43-8405-33EC8BF3D7BB
26,-70,10E79AFE-4E98-6854-65EF-3E2C2D93DC46
26,-84,1667049A-7372-C30D-89B2-B1ECA12DB046
26,-83,CF8CD542-9487-2D8C-1F4E-43B4A756C17F
26,-74,D59D2354-372E-EC13-7BDA-49D8735505CC
26,-65,31F5A215-5EAD-CBC2-8330-E7B8F193D9E5
26,-65,E1BEC981-F150-F7B4-9462-855BE34E0B7F
26,-88,B779BA50-0B02-B6EB-F369-2E330AFC31F5
26,-53,13611532-E963-EE25-A8B6-448A5F64C501
26,-74,5FAEC74A-B372-18CD-3464-305CD379F907
26,-84,1A6F6B1A-5B42-9260-9384-259F81E6E89C
26,-72,FA1B5EB7-9854-EF57-0011-9DAF510B3836
26,-69,CEEB922A-7DDE-46D0-CDC8-E7CDA8BD08A2
26,-92,2EAED031-3590-344B-C4A8-89837A4F7FD1
26,-75,B43A23A2-9E71-C6E8-E077-47C1867CA41C
26,-72,D5AA8D74-3DBE-82D4-19CE-34AA4530CF30
26,-80,FA3E01C8-BFD2-EEB6-4B65-3FE180426693
26,-97,7390391D-AA27-8830-875B-FDA1FE16BA66
26,-63,B29B9BDF-31B4-EFB5-9341-4823593885EA
26,-86,2FD35A34-4C5E-50DD-0EC1-636D6F5D6545
26,-96,8BDFFC3A-CAB9-9C5A-5F90-222316CF3FB3
26,-97,3926EA01-ED4F-1DDF-D9CE-1175F3DC3DD0
26,-94,28:ac:9e:3e:b1:8e
26,-92,28:ac:9e:3e:b1:8f
26,-89,b0:c7:45:c9:0d:d5
26,-87,10:27:f5:e3:50:97
26,-86,84:af:ec:86:f0:70
26,-86,c4:36:c0:e3:cc:3f
26,-86,c4:36:c0:e3:cc:3e
26,-86,c4:36:c0:e3:cc:38
26,-86,b0:26:80:d1:d8:ae
26,-86,b0:26:80:d1:d8:af
26,-86,84:af:ec:a7:f2:b4
26,-80,b0:26:80:d1:d8:a0
26,-77,80:ea:96:f2:cc:77
26,-75,e8:4f:25:d6:2e:b9
26,-75,c0:06:c3:c0:b9:d3
26,-73,16:27:f5:e3:50:96
26,-73,ac:44:f2:8c:e9:20
26,-72,10:27:f5:e3:50:96
26,-69,28:ac:9e:3e:b9:a1
26,-68,28:ac:9e:3e:b9:a0
26,-67,b0:26:80:d1:cf:01
26,-67,b0:26:80:d1:cf:00
26,-66,c6:06:c3:c0:b9:d2
26,-66,c0:06:c3:c0:b9:d2
26,-60,84:af:ec:86:f0:60
26,-59,80:ea:96:f2:cc:76
26,-58,e8:4f:25:d6:0e:45
26,-57,60:84:bd:de:7c:60
26,-51,c0:25:a2:a7:2e:2a
26,-41,e8:4f:25:d3:9b:75
26,-59,ac:44:f2:8c:b0:e0
26,-56,60:84:bd:de:7c:67
26,-55,ac:44:f2:8c:e8:a8
26,-53,b0:26:80:d1:cf:0f
26,-53,b0:26:80:d1:cf:0e
26,-53,28:ac:9e:3e:b9:ae
26,-53,28:ac:9e:3e:b9:af
26,-41,c0:25:a2:a7:2e:2b
26,-40,c0:25:a2:a9:b1:4f
27,-61,5CF555D6-48CA-4ADC-9211-635182D7E387
27,-81,3E0588ED-B074-0E75-CF27-8FD8719BC258
27,-96,80324D1A-7A05-DCA2-D675-DF7AE48F80D0
27,-84,A1ED206E-338C-46F5-A589-35FC4E56E4FA
27,-76,25EEE710-D922-C8EB-84FC-60C776058272
27,-41,7D1D648C-8CED-928B-3483-B164419E75B2
27,-85,8BDFFC3A-CAB9-9C5A-5F90-222316CF3FB3
27,-83,11568810-14EB-73E2-57A7-8E4F671044D2
27,-70,99FC17B2-BBDE-A56A-E241-2F789956D915
27,-79,62AD6CB1-240F-3D43-8405-33EC8BF3D7BB
27,-60,51808EF8-2162-420F-731F-0817F82681B1
27,-76,B29B9BDF-31B4-EFB5-9341-4823593885EA
27,-97,E4449501-7A76-AA58-CC11-0D5292F8E06A
27,-71,B43A23A2-9E71-C6E8-E077-47C1867CA41C
27,-56,934E5015-1188-46DC-D656-19F40EBAA913
27,-63,0927D63B-9C1F-550F-2837-833C800C0015
27,-86,1667049A-7372-C30D-89B2-B1ECA12DB046
27,-87,B779BA50-0B02-B6EB-F369-2E330AFC31F5
27,-88,F0571E8D-A7BA-A618-7C1F-9B5DE0708944
27,-91,CB3FA815-792F-F093-ACFF-69B2FB6871CF
27,-62,CB334F59-F065-7DAB-9C2B-5A3669B0BD26
27,-69,8A50F6B1-3DB1-A85A-6ED9-343168E5E515
27,-90,FE156ECF-94AA-C7AE-6986-433F101573A6
27,-74,10E79AFE-4E98-6854-65EF-3E2C2D93DC46
27,-73,D5AA8D74-3DBE-82D4-19CE-34AA4530CF30
27,-75,BBE44E4E-3BEA-1528-EFA4-7A324456043A
27,-71,9F78548A-9526-975D-5327-2C4E18955E6B
27,-71,497D108A-8000-60BF-9EC6-D425A99F01B2
27,-89,7390391D-AA27-8830-875B-FDA1FE16BA66
27,-73,C1585FD6-BAD0-9CC9-A0DD-D6A5137C7C97
27,-71,13611532-E963-EE25-A8B6-448A5F64C501
27,-98,3926EA01-ED4F-1DDF-D9CE-1175F3DC3DD0
27,-91,A1444613-FD08-5AB4-70DE-F1C849A324D5
27,-91,D7CE3214-813E-2313-E821-80A6ECE54CA1
27,-88,2FD35A34-4C5E-50DD-0EC1-636D6F5D6545
27,-69,D59D2354-372E-EC13-7BDA-49D8735505CC
27,-73,5FAEC74A-B372-18CD-3464-305CD379F907
27,-85,CF8CD542-9487-2D8C-1F4E-43B4A756C17F
27,-63,E93AB3DA-6277-0FCF-F172-4C8891BDB8EA
27,-73,FA1B5EB7-9854-EF57-0011-9DAF510B3836
27,-84,4E19335A-5B9F-91CA-BF69-7D42F102E4B6
27,-90,1A6F6B1A-5B42-9260-9384-259F81E6E89C
27,-79,AB7D83E5-7101-36F5-D2B4-668B2C9A7903
27,-84,BB056977-A587-1AFB-A755-C463C98593B4
27,-63,CEEB922A-7DDE-46D0-CDC8-E7CDA8BD08A2
27,-91,2EAED031-3590-344B-C4A8-89837A4F7FD1
27,-67,8D85DC3F-F1EF-4CFB-E847-EC1D4E0EE582
27,-97,A87224AC-4440-6421-23F3-8D88EE4F2949
27,-85,9A5F8A1B-3BD7-0A1B-99CE-D4B805F0FA27
27,-71,9DC43723-8F13-4ABC-C756-AFD6762A9883
27,-88,77E25248-68BD-55D5-353C-70A9B5BC4147
27,-71,0896FD2C-8A5B-89C7-99EA-A33F73198964
27,-84,2E69403D-0597-EAD1-3A45-239969C651B6
27,-87,E454F94D-9C6E-ECA1-85D2-014317A7A8E9
27,-59,402B799D-D0B5-1828-8A38-5A7872AC004C
27,-93,00:24:a5:7b:aa:30
27,-92,28:ac:9e:3e:b1:8f
27,-91,b0:c7:45:c9:0d:d5
27,-88,c4:36:c0:e3:cc:3f
27,-88,c4:36:c0:e3:cc:3e
27,-88,c4:36:c0:e3:cc:38
27,-88,84:af:ec:a7:f2:b4
27,-87,b0:26:80:d1:d8:af
27,-86,b0:26:80:d1:d8:ae
27,-86,10:27:f5:e3:50:97
27,-80,b0:26:80:d1:d8:a0
27,-79,00:90:fe:f7:da:b4
27,-78,80:ea:96:f2:cc:77
27,-75,e8:4f:25:d6:2e:b9
27,-75,c0:06:c3:c0:b9:d3
27,-73,ac:44:f2:8c:e9:20
27,-72,b0:c7:45:c9:0d:d0
27,-68,28:ac:9e:3e:b9:a0
27,-67,b0:26:80:d1:cf:01
27,-67,b0:26:80:d1:cf:00
27,-66,c6:06:c3:c0:b9:d2
27,-66,c0:06:c3:c0:b9:d2
27,-59,80:ea:96:f2:cc:76
27,-58,e8:4f:25:d6:0e:45
27,-58,60:84:bd:de:7c:60
27,-50,c0:25:a2:a7:2e:2a
27,-42,e8:4f:25:d3:9b:75
27,-59,ac:44:f2:8c:b0:e0
27,-56,60:84:bd:de:7c:67
27,-55,ac:44:f2:8c:e8:a8
27,-53,b0:26:80:d1:cf:0f
27,-53,28:ac:9e:3e:b9:ae
27,-53,28:ac:9e:3e:b9:af
27,-52,b0:26:80:d1:cf:0e
27,-41,c0:25:a2:a9:b1:4f
27,-40,c0:25:a2:a7:2e:2b
28,-65,0927D63B-9C1F-550F-2837-833C800C0015
28,-91,BB056977-A587-1AFB-A755-C463C98593B4
28,-74,B43A23A2-9E71-C6E8-E077-47C1867CA41C
28,-85,62AD6CB1-240F-3D43-8405-33EC8BF3D7BB
28,-65,BBE44E4E-3BEA-1528-EFA4-7A324456043A
28,-71,A1444613-FD08-5AB4-70DE-F1C849A324D5
28,-80,2E69403D-0597-EAD1-3A45-239969C651B6
28,-59,51808EF8-2162-420F-731F-0817F82681B1
28,-95,FE156ECF-94AA-C7AE-6986-433F101573A6
28,-70,10E79AFE-4E98-6854-65EF-3E2C2D93DC46
28,-72,D59D2354-372E-EC13-7BDA-49D8735505CC
28,-69,0896FD2C-8A5B-89C7-99EA-A33F73198964
28,-62,8A50F6B1-3DB1-A85A-6ED9-343168E5E515
28,-54,934E5015-1188-46DC-D656-19F40EBAA913
28,-76,9F78548A-9526-975D-5327-2C4E18955E6B
28,-93,9DC43723-8F13-4ABC-C756-AFD6762A9883
28,-68,B29B9BDF-31B4-EFB5-9341-4823593885EA
28,-71,497D108A-8000-60BF-9EC6-D425A99F01B2
28,-72,3E0588ED-B074-0E75-CF27-8FD8719BC258
28,-66,91592F85-8583-F7D2-B20C-CF8314BB5E59
28,-85,E6E3BBB0-08C4-E3BD-BB12-3A33DB89A060
28,-61,13611532-E963-EE25-A8B6-448A5F64C501
28,-71,25EEE710-D922-C8EB-84FC-60C776058272
28,-76,5FAEC74A-B372-18CD-3464-305CD379F907
28,-72,AB7D83E5-7101-36F5-D2B4-668B2C9A7903
28,-71,31F5A215-5EAD-CBC2-8330-E7B8F193D9E5
28,-83,11568810-14EB-73E2-57A7-8E4F671044D2
28,-88,CF8CD542-9487-2D8C-1F4E-43B4A756C17F
28,-65,E1BEC981-F150-F7B4-9462-855BE34E0B7F
28,-85,04BAB474-320A-44CF-2E48-F6A57219ED08
28,-79,1A6F6B1A-5B42-9260-9384-259F81E6E89C
28,-83,D5AA8D74-3DBE-82D4-19CE-34AA4530CF30
28,-93,2EAED031-3590-344B-C4A8-89837A4F7FD1
28,-83,9A5F8A1B-3BD7-0A1B-99CE-D4B805F0FA27
28,-58,CEEB922A-7DDE-46D0-CDC8-E7CDA8BD08A2
28,-41,7D1D648C-8CED-928B-3483-B164419E75B2
28,-85,1667049A-7372-C30D-89B2-B1ECA12DB046
28,-75,99FC17B2-BBDE-A56A-E241-2F789956D915
28,-94,E4449501-7A76-AA58-CC11-0D5292F8E06A
28,-95,80324D1A-7A05-DCA2-D675-DF7AE48F80D0
28,-68,5CF555D6-48CA-4ADC-9211-635182D7E387
28,-59,CB334F59-F065-7DAB-9C2B-5A3669B0BD26
28,-70,C1585FD6-BAD0-9CC9-A0DD-D6A5137C7C97
28,-99,7390391D-AA27-8830-875B-FDA1FE16BA66
28,-69,FA1B5EB7-9854-EF57-0011-9DAF510B3836
28,-93,00:24:a5:7b:aa:30
28,-91,b0:c7:45:c9:0d:d5
28,-87,4c:32:75:c6:d3:a4
28,-87,84:af:ec:a7:f2:b4
28,-87,10:27:f5:e3:50:97
28,-86,c4:36:c0:e3:cc:3f
28,-86,c4:36:c0:e3:cc:3e
28,-86,c4:36:c0:e3:cc:38
28,-86,b0:26:80:d1:d8:ae
28,-86,b0:26:80:d1:d8:af
28,-79,00:90:fe:f7:da:b4
28,-77,80:ea:96:f2:cc:77
28,-74,ac:44:f2:8c:e9:20
28,-74,c0:06:c3:c0:b9:d3
28,-72,c4:36:c0:e3:cc:37
28,-72,c4:36:c0:e3:cc:30
28,-72,b0:c7:45:c9:0d:d0
28,-70,16:27:f5:e3:50:96
28,-68,c6:06:c3:c0:b9:d2
28,-68,28:ac:9e:3e:b9:a0
28,-67,b0:26:80:d1:cf:01
28,-67,b0:26:80:d1:cf:00
28,-67,c0:06:c3:c0:b9:d2
28,-60,80:ea:96:f2:cc:76
28,-58,e8:4f:25:d6:0e:45
28,-57,60:84:bd:de:7c:60
28,-51,c0:25:a2:a7:2e:2a
28,-42,e8:4f:25:d3:9b:75
28,-58,ac:44:f2:8c:b0:e0
28,-57,60:84:bd:de:7c:67
28,-54,ac:44:f2:8c:e8:a8
28,-53,b0:26:80:d1:cf:0f
28,-53,b0:26:80:d1:cf:0e
28,-53,28:ac:9e:3e:b9:ae
28,-52,28:ac:9e:3e:b9:af
28,-40,c0:25:a2:a7:2e:2b
28,-40,c0:25:a2:a9:b1:4f
29,-71,0896FD2C-8A5B-89C7-99EA-A33F73198964
29,-71,D5AA8D74-3DBE-82D4-19CE-34AA4530CF30
29,-58,934E5015-1188-46DC-D656-19F40EBAA913
29,-52,5CF555D6-48CA-4ADC-9211-635182D7E387
29,-71,B43A23A2-9E71-C6E8-E077-47C1867CA41C
29,-72,8A50F6B1-3DB1-A85A-6ED9-343168E5E515
29,-69,3E0588ED-B074-0E75-CF27-8FD8719BC258
29,-75,8BDFFC3A-CAB9-9C5A-5F90-222316CF3FB3
29,-65,0927D63B-9C1F-550F-2837-833C800C0015
29,-101,756C2E00-2EDF-F925-AFCF-51F8DC12B3B9
29,-81,BBE44E4E-3BEA-1528-EFA4-7A324456043A
29,-59,91592F85-8583-F7D2-B20C-CF8314BB5E59
29,-61,2E69403D-0597-EAD1-3A45-239969C651B6
29,-71,A1444613-FD08-5AB4-70DE-F1C849A324D5
29,-87,11568810-14EB-73E2-57A7-8E4F671044D2
29,-60,51808EF8-2162-420F-731F-0817F82681B1
29,-72,D59D2354-372E-EC13-7BDA-49D8735505CC
29,-75,AB7D83E5-7101-36F5-D2B4-668B2C9A7903
29,-84,77E25248-68BD-55D5-353C-70A9B5BC4147
29,-75,9F78548A-9526-975D-5327-2C4E18955E6B
29,-78,F0571E8D-A7BA-A618-7C1F-9B5DE0708944
29,-82,5FAEC74A-B372-18CD-3464-305CD379F907
29,-70,497D108A-8000-60BF-9EC6-D425A99F01B2
29,-69,FA1B5EB7-9854-EF57-0011-9DAF510B3836
29,-70,C1585FD6-BAD0-9CC9-A0DD-D6A5137C7C97
29,-67,A8B90212-933E-55E6-900F-3061F77A9AA2
29,-72,10E79AFE-4E98-6854-65EF-3E2C2D93DC46
29,-78,CF8CD542-9487-2D8C-1F4E-43B4A756C17F
29,-82,B29B9BDF-31B4-EFB5-9341-4823593885EA
29,-84,25EEE710-D922-C8EB-84FC-60C776058272
29,-94,1A6F6B1A-5B42-9260-9384-259F81E6E89C
29,-68,CEEB922A-7DDE-46D0-CDC8-E7CDA8BD08A2
29,-69,014E3480-8DCF-32C5-FB83-0FE3F9E647A1
29,-67,31F5A215-5EAD-CBC2-8330-E7B8F193D9E5
29,-66,470BCD0E-4128-C60A-A81D-998F97C53329
29,-96,A87224AC-4440-6421-23F3-8D88EE4F2949
29,-40,7D1D648C-8CED-928B-3483-B164419E75B2
29,-63,E93AB3DA-6277-0FCF-F172-4C8891BDB8EA
29,-91,4595A0A1-833D-74BD-EB56-11903B509213
29,-67,CB334F59-F065-7DAB-9C2B-5A3669B0BD26
29,-66,13611532-E963-EE25-A8B6-448A5F64C501
29,-84,9A5F8A1B-3BD7-0A1B-99CE-D4B805F0FA27
29,-90,E6E3BBB0-08C4-E3BD-BB12-3A33DB89A060
29,-88,04BAB474-320A-44CF-2E48-F6A57219ED08
29,-93,3A292ADA-B6CF-253F-2188-1D00821B2821
29,-93,28:ac:9e:3e:b1:8f
29,-93,00:24:a5:7b:aa:30
29,-91,b0:c7:45:c9:0d:d5
29,-89,84:af:ec:a7:f2:b4
29,-87,84:af:ec:86:f0:70
29,-87,4c:32:75:c6:d3:a4
29,-87,c4:36:c0:e3:cc:3f
29,-87,c4:36:c0:e3:cc:3e
29,-87,c4:36:c0:e3:cc:38
29,-87,b0:26:80:d1:d8:ae
29,-87,10:27:f5:e3:50:97
29,-86,b0:26:80:d1:d8:af
29,-79,00:90:fe:f7:da:b6
29,-79,00:90:fe:f7:da:b4
29,-79,80:ea:96:f2:cc:77
29,-74,c0:06:c3:c0:b9:d3
29,-73,ac:44:f2:8c:e9:20
29,-72,c4:36:c0:e3:cc:37
29,-72,c4:36:c0:e3:cc:30
29,-72,b0:c7:45:c9:0d:d0
29,-70,16:27:f5:e3:50:96
29,-68,c6:06:c3:c0:b9:d2
29,-68,28:ac:9e:3e:b9:a0
29,-68,c0:06:c3:c0:b9:d2
29,-61,84:af:ec:86:f0:60
29,-60,80:ea:96:f2:cc:76
29,-59,60:84:bd:de:7c:60
29,-58,e8:4f:25:d6:0e:45
29,-51,c0:25:a2:a7:2e:2a
29,-42,e8:4f:25:d3:9b:75
29,-58,ac:44:f2:8c:b0:e0
29,-57,60:84:bd:de:7c:67
29,-55,ac:44:f2:8c:e8:a8
29,-53,b0:26:80:d1:cf:0f
29,-53,b0:26:80:d1:cf:0e
29,-53,28:ac:9e:3e:b9:ae
29,-53,28:ac:9e:3e:b9:af
29,-41,c0:25:a2:a7:2e:2b
29,-41,c0:25:a2:a9:b1:4f
